For Account:,#####6267,,,,,,,
,,,,,,,,
,,,,,,,,
TransactionDate,TransactionType,SecurityType,Symbol,Quantity,Amount,Price,Commission,Description
,,,,,,,,
10/14/2024,Bought To Open,OPTN,SPY Sep 30 '25 $550 Call,5,-35957.56,71.91,2.5,SPY Sep 30 '25 $550 Call
10/14/2024,Sold To Close,OPTN,SPY Sep 30 '25 $540 Call,-5,39791.32,79.59,2.5,SPY Sep 30 '25 $540 Call
10/11/2024,Bought To Cover,OPTN,SPY Oct 14 '24 $579 Call,5,-982.56,1.96,2.56,SPY Oct 14 '24 $579 Call
10/11/2024,Sold Short,OPTN,SPY Oct 14 '24 $579 Call,-1,101.48,1.02,0.52,SPY Oct 14 '24 $579 Call
10/11/2024,Bought To Cover,OPTN,SPY Oct 11 '24 $577 Call,2,-233.02,1.16,1.02,SPY Oct 11 '24 $577 Call
10/11/2024,Sold Short,OPTN,SPY Oct 14 '24 $579 Call,-1,102.48,1.03,0.52,SPY Oct 14 '24 $579 Call
10/11/2024,Bought To Cover,OPTN,SPY Oct 11 '24 $577 Call,3,-346.53,1.15,1.53,SPY Oct 11 '24 $577 Call
10/11/2024,Sold Short,OPTN,SPY Oct 14 '24 $579 Call,-3,301.45,1.01,1.54,SPY Oct 14 '24 $579 Call
10/10/2024,Sold Short,OPTN,SPY Oct 11 '24 $577 Call,-5,512.41,1.03,2.58,SPY Oct 11 '24 $577 Call
10/10/2024,Bought To Cover,OPTN,SPY Oct 11 '24 $579 Call,5,-202.56,0.4,2.56,SPY Oct 11 '24 $579 Call
10/10/2024,Sold Short,OPTN,SPY Oct 11 '24 $579 Call,-5,472.41,0.95,2.58,SPY Oct 11 '24 $579 Call
10/10/2024,Bought To Cover,OPTN,SPY Oct 10 '24 $578 Call,5,-177.56,0.35,2.56,SPY Oct 10 '24 $578 Call
10/9/2024,Transfer, , ,0,-500,0,0,ACH WITHDRAWL  REFID:119084270906;
10/9/2024,Sold Short,OPTN,SPY Oct 10 '24 $578 Call,-5,472.41,0.95,2.58,SPY Oct 10 '24 $578 Call
10/9/2024,Bought To Cover,OPTN,SPY Oct 09 '24 $576 Call,5,-207.56,0.41,2.56,SPY Oct 09 '24 $576 Call
10/8/2024,Transfer, , ,0,-1000,0,0,ACH WITHDRAWL  REFID:118973170906;
10/8/2024,Sold Short,OPTN,SPY Oct 09 '24 $576 Call,-5,182.42,0.37,2.57,SPY Oct 09 '24 $576 Call
10/8/2024,Bought To Cover,OPTN,SPY Oct 08 '24 $570 Call,5,-1257.56,2.51,2.56,SPY Oct 08 '24 $570 Call
10/7/2024,Adjustment, , ,0,1.58,0,0,TRNSFR CASH TO MARGIN
10/7/2024,Adjustment, , ,0,-1.58,0,0,TRNSFR CASH TO MARGIN
10/7/2024,Transfer, , ,0,-3500,0,0,ACH WITHDRAWL  REFID:118885080906;
10/7/2024,Bought To Cover,OPTN,SPY Oct 08 '24 $575 Call,5,-72.56,0.14,2.56,SPY Oct 08 '24 $575 Call
10/7/2024,Sold Short,OPTN,SPY Oct 08 '24 $570 Call,-5,572.41,1.15,2.58,SPY Oct 08 '24 $570 Call
10/7/2024,Bought To Open,OPTN,SPY Sep 30 '25 $540 Call,5,-35397.56,70.79,2.56,SPY Sep 30 '25 $540 Call
10/7/2024,Sold To Close,OPTN,SPY Dec 19 '25 $535 Call,-5,40141.31,80.29,3.68,SPY Dec 19 '25 $535 Call
10/7/2024,Bought To Cover,OPTN,SPY Oct 07 '24 $575 Call,5,-30.06,0.06,0.06,SPY Oct 07 '24 $575 Call
10/7/2024,Sold Short,OPTN,SPY Oct 08 '24 $575 Call,-5,257.42,0.52,2.57,SPY Oct 08 '24 $575 Call
10/4/2024,Sold Short,OPTN,SPY Oct 07 '24 $575 Call,-5,222.42,0.45,2.57,SPY Oct 07 '24 $575 Call
10/4/2024,Bought To Cover,OPTN,SPY Oct 04 '24 $570 Call,5,-647.56,1.29,2.56,SPY Oct 04 '24 $570 Call
10/3/2024,Transfer, , ,0,-2500,0,0,ACH WITHDRAWL  REFID:118642157906;
10/3/2024,Bought To Cover,OPTN,SPY Oct 03 '24 $570 Call,5,-67.56,0.13,2.56,SPY Oct 03 '24 $570 Call
10/3/2024,Sold Short,OPTN,SPY Oct 04 '24 $570 Call,-5,812.4,1.63,2.59,SPY Oct 04 '24 $570 Call
10/2/2024,Transfer, , ,0,-2500,0,0,ACH WITHDRAWL  REFID:118522333906;
10/2/2024,Bought To Cover,OPTN,SPY Oct 02 '24 $570 Call,5,-92.56,0.18,2.56,SPY Oct 02 '24 $570 Call
10/2/2024,Sold Short,OPTN,SPY Oct 03 '24 $570 Call,-5,762.4,1.53,2.59,SPY Oct 03 '24 $570 Call
10/1/2024,Bought To Cover,OPTN,SPY Oct 01 '24 $577 Call,5,-10.06,0.02,0.06,SPY Oct 01 '24 $577 Call
10/1/2024,Sold Short,OPTN,SPY Oct 02 '24 $570 Call,-5,877.4,1.76,2.59,SPY Oct 02 '24 $570 Call
9/30/2024,Transfer, , ,0,-3500,0,0,ACH WITHDRAWL  REFID:118307051906;
9/30/2024,Interest,MMF,CBP,-0.01,0.01,0,0,CASH BALANCE PROGRAM (Period 09/23-09/30)
9/30/2024,Sold Short,OPTN,SPY Oct 01 '24 $577 Call,-5,157.42,0.32,2.57,SPY Oct 01 '24 $577 Call
9/30/2024,Bought To Cover,OPTN,SPY Oct 01 '24 $574 Call,5,-702.56,1.4,2.56,SPY Oct 01 '24 $574 Call
9/30/2024,Sold Short,OPTN,SPY Oct 01 '24 $574 Call,-5,372.41,0.75,2.58,SPY Oct 01 '24 $574 Call
9/30/2024,Bought To Cover,OPTN,SPY Sep 30 '24 $574 Call,5,-77.56,0.15,2.56,SPY Sep 30 '24 $574 Call
9/27/2024,Sold Short,OPTN,SPY Sep 30 '24 $574 Call,-5,467.41,0.94,2.58,SPY Sep 30 '24 $574 Call
9/27/2024,Bought To Cover,OPTN,SPY Sep 27 '24 $574 Call,5,-67.56,0.13,2.56,SPY Sep 27 '24 $574 Call
9/26/2024,Sold Short,OPTN,SPY Sep 27 '24 $574 Call,-5,302.42,0.61,2.57,SPY Sep 27 '24 $574 Call
9/26/2024,Bought To Cover,OPTN,SPY Sep 26 '24 $573 Call,5,-102.56,0.2,2.56,SPY Sep 26 '24 $573 Call
9/25/2024,Bought To Cover,OPTN,SPY Sep 25 '24 $573 Call,5,-72.56,0.14,2.56,SPY Sep 25 '24 $573 Call
9/25/2024,Sold Short,OPTN,SPY Sep 26 '24 $573 Call,-5,312.42,0.63,2.57,SPY Sep 26 '24 $573 Call
9/25/2024,Bought To Open,OPTN,SPY Dec 19 '25 $535 Call,3,-23734.53,79.11,1.53,SPY Dec 19 '25 $535 Call
9/25/2024,Bought To Open,OPTN,SPY Dec 19 '25 $535 Call,2,-15825.02,79.12,1.02,SPY Dec 19 '25 $535 Call
9/25/2024,Sold To Close,OPTN,SPY Sep 19 '25 $530 Call,-6,45955.63,76.6,4.35,SPY Sep 19 '25 $530 Call
9/23/2024,Transfer, , ,0,-1000,0,0,ACH WITHDRAWL  REFID:117709931906;
9/23/2024,Sold Short,OPTN,SPY Sep 25 '24 $573 Call,-1,48.48,0.49,0.52,SPY Sep 25 '24 $573 Call
9/23/2024,Sold Short,OPTN,SPY Sep 25 '24 $573 Call,-4,205.93,0.52,2.06,SPY Sep 25 '24 $573 Call
9/20/2024,Interest,MMF,CBP,-0.04,0.04,0,0,CASH BALANCE PROGRAM (Period 09/01-09/19)
9/19/2024,Bought To Cover,OPTN,SPY Sep 19 '24 $567 Call,6,-2103.07,3.5,3.07,SPY Sep 19 '24 $567 Call
9/18/2024,Sold Short,OPTN,SPY Sep 19 '24 $567 Call,-6,752.88,1.26,3.1,SPY Sep 19 '24 $567 Call
9/18/2024,Bought To Cover,OPTN,SPY Sep 18 '24 $566 Call,6,-297.07,0.49,3.07,SPY Sep 18 '24 $566 Call
9/17/2024,Transfer, , ,0,-3000,0,0,ACH WITHDRAWL  REFID:117266777906;
9/17/2024,Sold Short,OPTN,SPY Sep 18 '24 $566 Call,-6,926.88,1.55,3.1,SPY Sep 18 '24 $566 Call
9/17/2024,Bought To Cover,OPTN,SPY Sep 18 '24 $571 Call,6,-249.07,0.41,3.07,SPY Sep 18 '24 $571 Call
9/17/2024,Sold Short,OPTN,SPY Sep 18 '24 $571 Call,-6,614.89,1.03,3.09,SPY Sep 18 '24 $571 Call
9/17/2024,Bought To Cover,OPTN,SPY Sep 17 '24 $565 Call,6,-1017.07,1.69,3.07,SPY Sep 17 '24 $565 Call
9/16/2024,Transfer, , ,0,-500,0,0,ACH WITHDRAWL  REFID:117192304906;
9/13/2024,Sold Short,OPTN,SPY Sep 17 '24 $565 Call,-6,548.89,0.92,3.09,SPY Sep 17 '24 $565 Call
9/11/2024,Bought To Cover,OPTN,SPY Sep 13 '24 $560 Call,6,-213.07,0.35,3.07,SPY Sep 13 '24 $560 Call
9/11/2024,Sold Short,OPTN,SPY Sep 13 '24 $560 Call,-6,254.9,0.43,3.08,SPY Sep 13 '24 $560 Call
9/11/2024,Bought To Cover,OPTN,SPY Sep 13 '24 $554 Call,6,-1347.07,2.24,3.07,SPY Sep 13 '24 $554 Call
9/11/2024,Sold Short,OPTN,SPY Sep 16 '24 $554 Call,-6,782.88,1.31,3.1,SPY Sep 16 '24 $554 Call
9/11/2024,Bought To Cover,OPTN,SPY Sep 13 '24 $545 Call,6,-2961.07,4.93,3.07,SPY Sep 13 '24 $545 Call
9/11/2024,Bought To Cover,OPTN,SPY Sep 16 '24 $554 Call,6,-801.07,1.33,3.07,SPY Sep 16 '24 $554 Call
9/11/2024,Sold Short,OPTN,SPY Sep 13 '24 $554 Call,-6,506.89,0.85,3.09,SPY Sep 13 '24 $554 Call
9/11/2024,Bought To Cover,OPTN,SPY Sep 11 '24 $551 Call,6,-18.07,0.03,0.07,SPY Sep 11 '24 $551 Call
9/11/2024,Sold Short,OPTN,SPY Sep 13 '24 $545 Call,-6,1274.87,2.13,3.11,SPY Sep 13 '24 $545 Call
9/10/2024,Bought To Cover,OPTN,SPY Sep 11 '24 $548 Call,6,-1869.07,3.11,3.07,SPY Sep 11 '24 $548 Call
9/10/2024,Sold Short,OPTN,SPY Sep 11 '24 $551 Call,-6,986.88,1.65,3.1,SPY Sep 11 '24 $551 Call
9/9/2024,Sold Short,OPTN,SPY Sep 11 '24 $548 Call,-1,192.48,1.93,0.52,SPY Sep 11 '24 $548 Call
9/9/2024,Bought To Cover,OPTN,SPY Sep 10 '24 $551 Call,6,-183.07,0.3,3.07,SPY Sep 10 '24 $551 Call
9/9/2024,Sold Short,OPTN,SPY Sep 11 '24 $548 Call,-5,957.4,1.92,2.59,SPY Sep 11 '24 $548 Call
9/9/2024,Bought To Cover,OPTN,SPY Sep 09 '24 $544 Call,6,-1719.07,2.86,3.07,SPY Sep 09 '24 $544 Call
9/9/2024,Sold Short,OPTN,SPY Sep 10 '24 $551 Call,-6,380.89,0.64,3.09,SPY Sep 10 '24 $551 Call
9/6/2024,Bought To Cover,OPTN,SPY Sep 09 '24 $547 Call,6,-375.07,0.62,3.07,SPY Sep 09 '24 $547 Call
9/6/2024,Sold Short,OPTN,SPY Sep 09 '24 $544 Call,-6,776.88,1.3,3.1,SPY Sep 09 '24 $544 Call
9/6/2024,Bought To Cover,OPTN,SPY Sep 06 '24 $553 Call,6,-30.07,0.05,0.07,SPY Sep 06 '24 $553 Call
9/6/2024,Sold Short,OPTN,SPY Sep 09 '24 $547 Call,-6,848.88,1.42,3.1,SPY Sep 09 '24 $547 Call
9/5/2024,Transfer, , ,0,-500,0,0,ACH WITHDRAWL  REFID:116416591906;
9/5/2024,Sold Short,OPTN,SPY Sep 06 '24 $553 Call,-6,758.88,1.27,3.1,SPY Sep 06 '24 $553 Call
9/5/2024,Bought To Cover,OPTN,SPY Sep 06 '24 $557 Call,6,-255.07,0.42,3.07,SPY Sep 06 '24 $557 Call
9/5/2024,Bought To Cover,OPTN,SPY Sep 06 '24 $555 Call,1,-255.51,2.55,0.51,SPY Sep 06 '24 $555 Call
9/5/2024,Sold Short,OPTN,SPY Sep 06 '24 $557 Call,-5,832.4,1.67,2.59,SPY Sep 06 '24 $557 Call
9/5/2024,Bought To Cover,OPTN,SPY Sep 06 '24 $555 Call,5,-1262.56,2.52,2.56,SPY Sep 06 '24 $555 Call
9/5/2024,Sold Short,OPTN,SPY Sep 06 '24 $557 Call,-1,169.48,1.7,0.52,SPY Sep 06 '24 $557 Call
9/4/2024,Transfer, , ,0,-1200,0,0,ACH WITHDRAWL  REFID:116261725906;
9/3/2024,Transfer, , ,0,-500,0,0,ACH WITHDRAWL  REFID:116095814906;
9/3/2024,Sold Short,OPTN,SPY Sep 06 '24 $555 Call,-6,1532.86,2.56,3.12,SPY Sep 06 '24 $555 Call
9/3/2024,Bought To Cover,OPTN,SPY Sep 04 '24 $561 Call,6,-60.07,0.1,0.07,SPY Sep 04 '24 $561 Call
9/3/2024,Sold Short,OPTN,SPY Sep 04 '24 $561 Call,-4,393.92,0.99,2.07,SPY Sep 04 '24 $561 Call
9/3/2024,Bought To Cover,OPTN,SPY Sep 04 '24 $563 Call,4,-210.05,0.52,2.05,SPY Sep 04 '24 $563 Call
9/3/2024,Bought To Cover,OPTN,SPY Sep 04 '24 $563 Call,2,-109.02,0.54,1.02,SPY Sep 04 '24 $563 Call
9/3/2024,Sold Short,OPTN,SPY Sep 04 '24 $561 Call,-2,202.96,1.02,1.03,SPY Sep 04 '24 $561 Call
8/30/2024,Interest,MMF,CBP,-0.12,0.12,0,0,CASH BALANCE PROGRAM (Period 08/01-08/31)
8/30/2024,Sold Short,OPTN,SPY Sep 04 '24 $563 Call,-6,506.89,0.85,3.09,SPY Sep 04 '24 $563 Call
8/30/2024,Bought To Cover,OPTN,SPY Aug 30 '24 $563 Call,6,-42.07,0.07,0.07,SPY Aug 30 '24 $563 Call
8/29/2024,Bought To Cover,OPTN,SPY Aug 30 '24 $565 Call,6,-93.07,0.15,3.07,SPY Aug 30 '24 $565 Call
8/29/2024,Sold Short,OPTN,SPY Aug 30 '24 $563 Call,-6,248.9,0.42,3.08,SPY Aug 30 '24 $563 Call
8/29/2024,Sold Short,OPTN,SPY Aug 30 '24 $565 Call,-6,680.89,1.14,3.09,SPY Aug 30 '24 $565 Call
8/29/2024,Bought To Cover,OPTN,SPY Aug 30 '24 $563 Call,6,-1263.07,2.1,3.07,SPY Aug 30 '24 $563 Call
8/28/2024,Transfer, , ,0,-3500,0,0,ACH WITHDRAWL  REFID:115784504906;
8/28/2024,Sold Short,OPTN,SPY Aug 30 '24 $563 Call,-6,950.88,1.59,3.1,SPY Aug 30 '24 $563 Call
8/28/2024,Bought To Cover,OPTN,SPY Aug 30 '24 $566 Call,6,-501.07,0.83,3.07,SPY Aug 30 '24 $566 Call
8/28/2024,Bought To Cover,OPTN,SPY Aug 28 '24 $565 Call,6,-363.07,0.6,3.07,SPY Aug 28 '24 $565 Call
8/28/2024,Sold Short,OPTN,SPY Aug 30 '24 $566 Call,-6,728.88,1.22,3.1,SPY Aug 30 '24 $566 Call
8/26/2024,Sold Short,OPTN,SPY Aug 28 '24 $565 Call,-6,992.88,1.66,3.1,SPY Aug 28 '24 $565 Call
8/26/2024,Bought To Cover,OPTN,SPY Aug 27 '24 $567 Call,6,-153.07,0.25,3.07,SPY Aug 27 '24 $567 Call
8/23/2024,Transfer, , ,0,-1000,0,0,ACH WITHDRAWL  REFID:115374039906;
8/23/2024,Bought To Cover,OPTN,SPY Aug 26 '24 $562 Call,6,-849.07,1.41,3.07,SPY Aug 26 '24 $562 Call
8/23/2024,Sold Short,OPTN,SPY Aug 27 '24 $567 Call,-6,158.9,0.27,3.08,SPY Aug 27 '24 $567 Call
8/22/2024,Bought To Cover,OPTN,SPY Aug 26 '24 $568 Call,6,-141.07,0.23,3.07,SPY Aug 26 '24 $568 Call
8/22/2024,Sold Short,OPTN,SPY Aug 26 '24 $562 Call,-6,842.88,1.41,3.1,SPY Aug 26 '24 $562 Call
8/21/2024,Sold Short,OPTN,SPY Aug 26 '24 $568 Call,-6,584.89,0.98,3.09,SPY Aug 26 '24 $568 Call
8/21/2024,Bought To Cover,OPTN,SPY Aug 23 '24 $564 Call,6,-1251.07,2.08,3.07,SPY Aug 23 '24 $564 Call
8/19/2024,Sold Short,OPTN,SPY Aug 23 '24 $564 Call,-6,416.89,0.7,3.09,SPY Aug 23 '24 $564 Call
8/13/2024,Bought To Cover,OPTN,SPY Aug 23 '24 $547 Call,6,-2061.07,3.43,3.07,SPY Aug 23 '24 $547 Call
8/13/2024,Sold Short,OPTN,SPY Aug 23 '24 $547 Call,-6,1430.87,2.39,3.11,SPY Aug 23 '24 $547 Call
8/13/2024,Bought To Cover,OPTN,SPY Aug 23 '24 $540 Call,6,-3411.07,5.68,3.07,SPY Aug 23 '24 $540 Call
8/12/2024,Transfer, , ,0,-1000,0,0,ACH WITHDRAWL  REFID:114506725906;
8/12/2024,Sold Short,OPTN,SPY Aug 23 '24 $540 Call,-6,2516.83,4.2,3.15,SPY Aug 23 '24 $540 Call
8/12/2024,Bought To Cover,OPTN,SPY Aug 19 '24 $538 Call,6,-2145.07,3.57,3.07,SPY Aug 19 '24 $538 Call
8/8/2024,Transfer, , ,0,-1000,0,0,ACH WITHDRAWL  REFID:114293710906;
8/8/2024,Bought To Cover,OPTN,SPY Aug 20 '24 $535 Call,1,-531.51,5.31,0.51,SPY Aug 20 '24 $535 Call
8/8/2024,Bought To Cover,OPTN,SPY Aug 20 '24 $535 Call,4,-2126.05,5.31,2.05,SPY Aug 20 '24 $535 Call
8/8/2024,Sold Short,OPTN,SPY Aug 19 '24 $538 Call,-1,360.47,3.61,0.53,SPY Aug 19 '24 $538 Call
8/8/2024,Sold Short,OPTN,SPY Aug 19 '24 $538 Call,-4,1437.89,3.6,2.1,SPY Aug 19 '24 $538 Call
8/8/2024,Bought To Cover,OPTN,SPY Aug 20 '24 $535 Call,1,-532.51,5.32,0.51,SPY Aug 20 '24 $535 Call
8/8/2024,Sold Short,OPTN,SPY Aug 19 '24 $538 Call,-1,359.47,3.6,0.53,SPY Aug 19 '24 $538 Call
8/8/2024,Bought To Cover,OPTN,SPY Aug 19 '24 $525 Call,6,-5877.07,9.79,3.07,SPY Aug 19 '24 $525 Call
8/8/2024,Sold Short,OPTN,SPY Aug 20 '24 $535 Call,-6,2780.83,4.64,3.15,SPY Aug 20 '24 $535 Call
8/7/2024,Bought To Cover,OPTN,SPY Aug 19 '24 $540 Call,5,-797.56,1.59,2.56,SPY Aug 19 '24 $540 Call
8/7/2024,Bought To Cover,OPTN,SPY Aug 19 '24 $540 Call,1,-160.51,1.6,0.51,SPY Aug 19 '24 $540 Call
8/7/2024,Sold Short,OPTN,SPY Aug 19 '24 $525 Call,-1,711.47,7.12,0.53,SPY Aug 19 '24 $525 Call
8/7/2024,Sold Short,OPTN,SPY Aug 19 '24 $525 Call,-5,3552.33,7.11,2.66,SPY Aug 19 '24 $525 Call
8/7/2024,Bought To Cover,OPTN,SPY Aug 19 '24 $529 Call,6,-5085.07,8.47,3.07,SPY Aug 19 '24 $529 Call
8/7/2024,Sold Short,OPTN,SPY Aug 19 '24 $540 Call,-6,1778.86,2.97,3.12,SPY Aug 19 '24 $540 Call
8/6/2024,Sold Short,OPTN,SPY Aug 19 '24 $529 Call,-6,3500.81,5.84,3.17,SPY Aug 19 '24 $529 Call
8/6/2024,Bought To Cover,OPTN,SPY Aug 16 '24 $532 Call,6,-2487.07,4.14,3.07,SPY Aug 16 '24 $532 Call
8/6/2024,Sold Short,OPTN,SPY Aug 16 '24 $532 Call,-6,3302.81,5.51,3.17,SPY Aug 16 '24 $532 Call
8/6/2024,Bought To Cover,OPTN,SPY Aug 16 '24 $528 Call,6,-4599.07,7.66,3.07,SPY Aug 16 '24 $528 Call
8/6/2024,Bought To Cover,OPTN,SPY Aug 16 '24 $520 Call,6,-7059.07,11.76,3.07,SPY Aug 16 '24 $520 Call
8/6/2024,Sold Short,OPTN,SPY Aug 16 '24 $528 Call,-6,4136.79,6.9,3.19,SPY Aug 16 '24 $528 Call
8/5/2024,Transfer, , ,0,-500,0,0,ACH WITHDRAWL  REFID:113916119906;
8/5/2024,Sold Short,OPTN,SPY Aug 16 '24 $520 Call,-6,6230.73,10.39,3.25,SPY Aug 16 '24 $520 Call
8/5/2024,Bought To Cover,OPTN,SPY Aug 19 '24 $527 Call,6,-4377.07,7.29,3.07,SPY Aug 19 '24 $527 Call
8/5/2024,Sold Short,OPTN,SPY Aug 19 '24 $527 Call,-6,4736.77,7.9,3.21,SPY Aug 19 '24 $527 Call
8/5/2024,Bought To Cover,OPTN,SPY Aug 16 '24 $520 Call,6,-7203.07,12,3.07,SPY Aug 16 '24 $520 Call
8/5/2024,Bought To Cover,OPTN,SPY Aug 16 '24 $534 Call,1,-299.51,2.99,0.51,SPY Aug 16 '24 $534 Call
8/5/2024,Sold Short,OPTN,SPY Aug 16 '24 $520 Call,-1,1004.46,10.05,0.54,SPY Aug 16 '24 $520 Call
8/5/2024,Sold Short,OPTN,SPY Aug 16 '24 $520 Call,-5,4987.29,9.98,2.7,SPY Aug 16 '24 $520 Call
8/5/2024,Bought To Cover,OPTN,SPY Aug 16 '24 $534 Call,5,-1542.56,3.08,2.56,SPY Aug 16 '24 $534 Call
8/2/2024,Sold Short,OPTN,SPY Aug 16 '24 $534 Call,-6,4874.77,8.13,3.21,SPY Aug 16 '24 $534 Call
8/2/2024,Bought To Cover,OPTN,SPY Aug 23 '24 $547 Call,6,-2391.07,3.98,3.07,SPY Aug 23 '24 $547 Call
8/1/2024,Sold Short,OPTN,SPY Aug 23 '24 $547 Call,-6,4352.78,7.26,3.2,SPY Aug 23 '24 $547 Call
8/1/2024,Bought To Cover,OPTN,SPY Aug 23 '24 $562 Call,6,-1155.07,1.92,3.07,SPY Aug 23 '24 $562 Call
7/31/2024,Interest,MMF,CBP,-0.14,0.14,0,0,CASH BALANCE PROGRAM (Period 07/01-07/31)
7/31/2024,Sold Short,OPTN,SPY Aug 23 '24 $562 Call,-1,414.47,4.15,0.53,SPY Aug 23 '24 $562 Call
7/31/2024,Bought To Cover,OPTN,SPY Aug 16 '24 $559 Call,5,-2112.56,4.22,2.56,SPY Aug 16 '24 $559 Call
7/31/2024,Bought To Cover,OPTN,SPY Aug 16 '24 $559 Call,1,-422.51,4.22,0.51,SPY Aug 16 '24 $559 Call
7/31/2024,Sold Short,OPTN,SPY Aug 23 '24 $562 Call,-5,2072.37,4.15,2.62,SPY Aug 23 '24 $562 Call
7/31/2024,Sold Short,OPTN,SPY Aug 16 '24 $559 Call,-6,1724.86,2.88,3.12,SPY Aug 16 '24 $559 Call
7/31/2024,Bought To Cover,OPTN,SPY Aug 16 '24 $556 Call,6,-2379.07,3.96,3.07,SPY Aug 16 '24 $556 Call
7/31/2024,Bought To Cover,OPTN,SPY Aug 12 '24 $549 Call,6,-3963.07,6.6,3.07,SPY Aug 12 '24 $549 Call
7/31/2024,Sold Short,OPTN,SPY Aug 16 '24 $556 Call,-6,2666.83,4.45,3.15,SPY Aug 16 '24 $556 Call
7/30/2024,Sold Short,OPTN,SPY Aug 12 '24 $549 Call,-6,2132.85,3.56,3.13,SPY Aug 12 '24 $549 Call
7/30/2024,Bought To Cover,OPTN,SPY Aug 12 '24 $553 Call,6,-1341.07,2.23,3.07,SPY Aug 12 '24 $553 Call
7/29/2024,Transfer, , ,0,-1500,0,0,ACH WITHDRAWL  REFID:113261682906;
7/29/2024,Sold Short,OPTN,SPY Aug 12 '24 $553 Call,-6,2168.84,3.62,3.14,SPY Aug 12 '24 $553 Call
7/29/2024,Bought To Cover,OPTN,SPY Aug 09 '24 $549 Call,6,-3099.07,5.16,3.07,SPY Aug 09 '24 $549 Call
7/26/2024,Sold Short,OPTN,SPY Aug 09 '24 $549 Call,-6,2906.82,4.85,3.16,SPY Aug 09 '24 $549 Call
7/26/2024,Bought To Cover,OPTN,SPY Aug 09 '24 $547 Call,6,-3507.07,5.84,3.07,SPY Aug 09 '24 $547 Call
7/26/2024,Bought To Cover,OPTN,SPY Aug 02 '24 $548 Call,6,-1983.07,3.3,3.07,SPY Aug 02 '24 $548 Call
7/26/2024,Sold Short,OPTN,SPY Aug 09 '24 $547 Call,-6,3128.82,5.22,3.16,SPY Aug 09 '24 $547 Call
7/24/2024,Sold Short,OPTN,SPY Aug 02 '24 $548 Call,-6,2852.83,4.76,3.15,SPY Aug 02 '24 $548 Call
7/24/2024,Bought To Cover,OPTN,SPY Aug 02 '24 $563 Call,6,-309.07,0.51,3.07,SPY Aug 02 '24 $563 Call
7/22/2024,Sold Short,OPTN,SPY Aug 02 '24 $563 Call,-6,1298.87,2.17,3.11,SPY Aug 02 '24 $563 Call
7/22/2024,Bought To Cover,OPTN,SPY Aug 02 '24 $560 Call,6,-1965.07,3.27,3.07,SPY Aug 02 '24 $560 Call
7/22/2024,Sold Short,OPTN,SPY Aug 02 '24 $560 Call,-6,1616.86,2.7,3.12,SPY Aug 02 '24 $560 Call
7/22/2024,Bought To Cover,OPTN,SPY Aug 02 '24 $555 Call,6,-2949.07,4.91,3.07,SPY Aug 02 '24 $555 Call
7/19/2024,Sold Short,OPTN,SPY Aug 02 '24 $555 Call,-6,2066.85,3.45,3.13,SPY Aug 02 '24 $555 Call
7/19/2024,Bought To Cover,OPTN,SPY Aug 02 '24 $553 Call,6,-2607.07,4.34,3.07,SPY Aug 02 '24 $553 Call
7/19/2024,Sold Short,OPTN,SPY Aug 02 '24 $553 Call,-6,3116.82,5.2,3.16,SPY Aug 02 '24 $553 Call
7/19/2024,Bought To Cover,OPTN,SPY Jul 26 '24 $557 Call,6,-885.07,1.47,3.07,SPY Jul 26 '24 $557 Call
7/18/2024,Bought To Cover,OPTN,SPY Jul 26 '24 $555 Call,6,-2043.07,3.4,3.07,SPY Jul 26 '24 $555 Call
7/18/2024,Sold Short,OPTN,SPY Jul 26 '24 $557 Call,-6,1496.86,2.5,3.12,SPY Jul 26 '24 $557 Call
7/18/2024,Bought To Cover,OPTN,SPY Jul 26 '24 $558 Call,6,-1155.07,1.92,3.07,SPY Jul 26 '24 $558 Call
7/18/2024,Sold Short,OPTN,SPY Jul 26 '24 $555 Call,-6,1844.85,3.08,3.13,SPY Jul 26 '24 $555 Call
7/18/2024,Bought To Cover,OPTN,SPY Jul 26 '24 $564 Call,4,-382.05,0.95,2.05,SPY Jul 26 '24 $564 Call
7/18/2024,Sold Short,OPTN,SPY Jul 26 '24 $558 Call,-2,540.95,2.71,1.04,SPY Jul 26 '24 $558 Call
7/18/2024,Bought To Cover,OPTN,SPY Jul 26 '24 $564 Call,2,-191.02,0.95,1.02,SPY Jul 26 '24 $564 Call
7/18/2024,Sold Short,OPTN,SPY Jul 26 '24 $558 Call,-4,1081.9,2.71,2.09,SPY Jul 26 '24 $558 Call
7/18/2024,Sold Short,OPTN,SPY Jul 26 '24 $564 Call,-1,199.48,2,0.52,SPY Jul 26 '24 $564 Call
7/18/2024,Bought To Cover,OPTN,SPY Jul 26 '24 $562 Call,1,-280.51,2.8,0.51,SPY Jul 26 '24 $562 Call
7/18/2024,Bought To Cover,OPTN,SPY Jul 26 '24 $562 Call,1,-280.51,2.8,0.51,SPY Jul 26 '24 $562 Call
7/18/2024,Bought To Cover,OPTN,SPY Jul 26 '24 $562 Call,4,-1122.05,2.8,2.05,SPY Jul 26 '24 $562 Call
7/18/2024,Sold Short,OPTN,SPY Jul 26 '24 $564 Call,-1,199.48,2,0.52,SPY Jul 26 '24 $564 Call
7/18/2024,Sold Short,OPTN,SPY Jul 26 '24 $564 Call,-4,797.91,2,2.08,SPY Jul 26 '24 $564 Call
7/17/2024,Sold Short,OPTN,SPY Jul 26 '24 $562 Call,-4,997.91,2.5,2.08,SPY Jul 26 '24 $562 Call
7/17/2024,Bought To Cover,OPTN,SPY Jul 26 '24 $564 Call,1,-182.51,1.82,0.51,SPY Jul 26 '24 $564 Call
7/17/2024,Bought To Cover,OPTN,SPY Jul 26 '24 $564 Call,4,-730.05,1.82,2.05,SPY Jul 26 '24 $564 Call
7/17/2024,Sold Short,OPTN,SPY Jul 26 '24 $562 Call,-1,249.48,2.5,0.52,SPY Jul 26 '24 $562 Call
7/17/2024,Sold Short,OPTN,SPY Jul 26 '24 $562 Call,-1,250.48,2.51,0.52,SPY Jul 26 '24 $562 Call
7/17/2024,Bought To Cover,OPTN,SPY Jul 26 '24 $564 Call,1,-183.51,1.83,0.51,SPY Jul 26 '24 $564 Call
7/17/2024,Bought To Cover,OPTN,SPY Jul 26 '24 $570 Call,6,-471.07,0.78,3.07,SPY Jul 26 '24 $570 Call
7/17/2024,Sold Short,OPTN,SPY Jul 26 '24 $564 Call,-6,1412.87,2.36,3.11,SPY Jul 26 '24 $564 Call
7/16/2024,Sold To Close,OPTN,SPY Sep 19 '25 $515 Call,-6,52693.44,87.83,4.54,SPY Sep 19 '25 $515 Call
7/16/2024,Bought To Cover,OPTN,SPY Jul 26 '24 $568 Call,6,-1545.07,2.57,3.07,SPY Jul 26 '24 $568 Call
7/16/2024,Sold Short,OPTN,SPY Jul 26 '24 $570 Call,-6,1100.87,1.84,3.11,SPY Jul 26 '24 $570 Call
7/16/2024,Bought To Open,OPTN,SPY Sep 19 '25 $530 Call,6,-46401.07,77.33,3.07,SPY Sep 19 '25 $530 Call
7/16/2024,Bought To Cover,OPTN,SPY Jul 26 '24 $566 Call,1,-301.51,3.01,0.51,SPY Jul 26 '24 $566 Call
7/16/2024,Bought To Cover,OPTN,SPY Jul 26 '24 $566 Call,4,-1206.05,3.01,2.05,SPY Jul 26 '24 $566 Call
7/16/2024,Bought To Cover,OPTN,SPY Jul 26 '24 $566 Call,1,-300.51,3,0.51,SPY Jul 26 '24 $566 Call
7/16/2024,Sold Short,OPTN,SPY Jul 26 '24 $568 Call,-1,218.48,2.19,0.52,SPY Jul 26 '24 $568 Call
7/16/2024,Sold Short,OPTN,SPY Jul 26 '24 $568 Call,-1,217.48,2.18,0.52,SPY Jul 26 '24 $568 Call
7/16/2024,Sold Short,OPTN,SPY Jul 26 '24 $568 Call,-4,873.91,2.19,2.08,SPY Jul 26 '24 $568 Call
7/15/2024,Sold Short,OPTN,SPY Jul 26 '24 $566 Call,-6,1754.86,2.93,3.12,SPY Jul 26 '24 $566 Call
7/15/2024,Bought To Cover,OPTN,SPY Jul 26 '24 $570 Call,6,-945.07,1.57,3.07,SPY Jul 26 '24 $570 Call
7/15/2024,Bought To Cover,OPTN,SPY Jul 19 '24 $564 Call,1,-332.51,3.32,0.51,SPY Jul 19 '24 $564 Call
7/15/2024,Sold Short,OPTN,SPY Jul 26 '24 $570 Call,-1,216.48,2.17,0.52,SPY Jul 26 '24 $570 Call
7/15/2024,Sold Short,OPTN,SPY Jul 26 '24 $570 Call,-5,1082.39,2.17,2.6,SPY Jul 26 '24 $570 Call
7/15/2024,Bought To Cover,OPTN,SPY Jul 19 '24 $564 Call,5,-1662.56,3.32,2.56,SPY Jul 19 '24 $564 Call
7/12/2024,Bought To Cover,OPTN,SPY Jul 19 '24 $560 Call,6,-1839.07,3.06,3.07,SPY Jul 19 '24 $560 Call
7/12/2024,Sold Short,OPTN,SPY Jul 19 '24 $564 Call,-6,806.88,1.35,3.1,SPY Jul 19 '24 $564 Call
7/11/2024,Sold Short,OPTN,SPY Jul 19 '24 $560 Call,-6,1316.87,2.2,3.11,SPY Jul 19 '24 $560 Call
7/11/2024,Bought To Cover,OPTN,SPY Jul 22 '24 $559 Call,6,-1767.07,2.94,3.07,SPY Jul 22 '24 $559 Call
7/11/2024,Bought To Cover,OPTN,SPY Jul 19 '24 $564 Call,6,-663.07,1.1,3.07,SPY Jul 19 '24 $564 Call
7/11/2024,Sold Short,OPTN,SPY Jul 22 '24 $559 Call,-6,1892.85,3.16,3.13,SPY Jul 22 '24 $559 Call
7/11/2024,Bought To Cover,OPTN,SPY Jul 19 '24 $567 Call,6,-567.07,0.94,3.07,SPY Jul 19 '24 $567 Call
7/11/2024,Sold Short,OPTN,SPY Jul 19 '24 $564 Call,-6,1058.88,1.77,3.1,SPY Jul 19 '24 $564 Call
7/10/2024,Bought To Cover,OPTN,SPY Jul 19 '24 $565 Call,6,-1347.07,2.24,3.07,SPY Jul 19 '24 $565 Call
7/10/2024,Sold Short,OPTN,SPY Jul 19 '24 $567 Call,-6,902.88,1.51,3.1,SPY Jul 19 '24 $567 Call
7/10/2024,Sold Short,OPTN,SPY Jul 19 '24 $565 Call,-6,866.88,1.45,3.1,SPY Jul 19 '24 $565 Call
7/10/2024,Bought To Cover,OPTN,SPY Jul 19 '24 $562 Call,6,-1527.07,2.54,3.07,SPY Jul 19 '24 $562 Call
7/10/2024,Bought To Open,OPTN,SPY Sep 19 '25 $515 Call,1,-8326.51,83.26,0.51,SPY Sep 19 '25 $515 Call
7/10/2024,Sold Short,OPTN,SPY Jul 19 '24 $562 Call,-1,175.48,1.76,0.52,SPY Jul 19 '24 $562 Call
7/10/2024,Sold Short,OPTN,SPY Jul 19 '24 $562 Call,-5,832.4,1.67,2.59,SPY Jul 19 '24 $562 Call
7/10/2024,Bought To Cover,OPTN,SPY Jul 19 '24 $560 Call,5,-1237.56,2.47,2.56,SPY Jul 19 '24 $560 Call
7/9/2024,Sold Short,OPTN,SPY Jul 19 '24 $560 Call,-5,1022.4,2.05,2.59,SPY Jul 19 '24 $560 Call
7/9/2024,Bought To Cover,OPTN,SPY Jul 19 '24 $562 Call,5,-702.56,1.4,2.56,SPY Jul 19 '24 $562 Call
7/9/2024,Bought To Cover,OPTN,SPY Jul 19 '24 $560 Call,5,-1212.56,2.42,2.56,SPY Jul 19 '24 $560 Call
7/9/2024,Sold Short,OPTN,SPY Jul 19 '24 $562 Call,-5,832.4,1.67,2.59,SPY Jul 19 '24 $562 Call
7/5/2024,Sold To Close,OPTN,SPY Jun 20 '25 $500 Call,-5,42521.24,85.05,3.75,SPY Jun 20 '25 $500 Call
7/5/2024,Sold Short,OPTN,SPY Jul 19 '24 $557 Call,-5,1397.39,2.8,2.6,SPY Jul 19 '24 $557 Call
7/5/2024,Bought To Cover,OPTN,SPY Jul 19 '24 $557 Call,5,-1387.56,2.77,2.56,SPY Jul 19 '24 $557 Call
7/5/2024,Sold Short,OPTN,SPY Jul 19 '24 $560 Call,-5,832.4,1.67,2.59,SPY Jul 19 '24 $560 Call
7/5/2024,Bought To Cover,OPTN,SPY Jul 15 '24 $555 Call,5,-1362.56,2.72,2.56,SPY Jul 15 '24 $555 Call
7/5/2024,Bought To Open,OPTN,SPY Sep 19 '25 $515 Call,5,-40152.56,80.3,2.56,SPY Sep 19 '25 $515 Call
7/5/2024,Sold Short,OPTN,SPY Jul 15 '24 $555 Call,-5,1037.4,2.08,2.59,SPY Jul 15 '24 $555 Call
7/5/2024,Bought To Cover,OPTN,SPY Jul 12 '24 $552.50 Call,5,-1487.56,2.97,2.56,SPY Jul 12 '24 $552.50 Call
7/2/2024,Bought To Cover,OPTN,SPY Jul 12 '24 $548 Call,5,-1922.56,3.84,2.56,SPY Jul 12 '24 $548 Call
7/2/2024,Sold Short,OPTN,SPY Jul 12 '24 $552.50 Call,-5,857.4,1.72,2.59,SPY Jul 12 '24 $552.50 Call
7/1/2024,Sold Short,OPTN,SPY Jul 12 '24 $548 Call,-5,1452.38,2.91,2.61,SPY Jul 12 '24 $548 Call
7/1/2024,Sold Short,OPTN,SPY Jul 12 '24 $547 Call,-5,1687.38,3.38,2.61,SPY Jul 12 '24 $547 Call
7/1/2024,Bought To Cover,OPTN,SPY Jul 12 '24 $550 Call,5,-1067.56,2.13,2.56,SPY Jul 12 '24 $550 Call
7/1/2024,Bought To Cover,OPTN,SPY Jul 12 '24 $547 Call,5,-1692.56,3.38,2.56,SPY Jul 12 '24 $547 Call
6/28/2024,Interest,MMF,CBP,-0.13,0.13,0,0,CASH BALANCE PROGRAM (Period 06/01-06/30)
6/28/2024,Sold Short,OPTN,SPY Jul 12 '24 $550 Call,-5,1542.38,3.09,2.61,SPY Jul 12 '24 $550 Call
6/28/2024,Bought To Cover,OPTN,SPY Jul 08 '24 $555 Call,5,-247.56,0.49,2.56,SPY Jul 08 '24 $555 Call
6/28/2024,Sold Short,OPTN,SPY Jul 08 '24 $555 Call,-5,582.41,1.17,2.58,SPY Jul 08 '24 $555 Call
6/28/2024,Bought To Cover,OPTN,SPY Jul 05 '24 $550 Call,5,-1462.56,2.92,2.56,SPY Jul 05 '24 $550 Call
6/27/2024,Sold Short,OPTN,SPY Jul 05 '24 $550 Call,-5,857.4,1.72,2.59,SPY Jul 05 '24 $550 Call
6/27/2024,Bought To Cover,OPTN,SPY Jul 08 '24 $547 Call,5,-1702.56,3.4,2.56,SPY Jul 08 '24 $547 Call
6/25/2024,Bought To Cover,OPTN,SPY Jul 05 '24 $550 Call,5,-842.56,1.68,2.56,SPY Jul 05 '24 $550 Call
6/25/2024,Sold Short,OPTN,SPY Jul 08 '24 $547 Call,-5,1552.38,3.11,2.61,SPY Jul 08 '24 $547 Call
6/24/2024,Sold Short,OPTN,SPY Jul 05 '24 $550 Call,-5,1277.39,2.56,2.6,SPY Jul 05 '24 $550 Call
6/24/2024,Bought To Cover,OPTN,SPY Jul 05 '24 $548 Call,5,-1747.56,3.49,2.56,SPY Jul 05 '24 $548 Call
6/21/2024,Sold Short,OPTN,SPY Jul 05 '24 $548 Call,-5,1697.38,3.4,2.61,SPY Jul 05 '24 $548 Call
6/21/2024,Bought To Cover,OPTN,SPY Jul 05 '24 $550 Call,5,-1277.56,2.55,2.56,SPY Jul 05 '24 $550 Call
6/20/2024,Sold Short,OPTN,SPY Jul 05 '24 $550 Call,-4,1233.9,3.09,2.09,SPY Jul 05 '24 $550 Call
6/20/2024,Bought To Cover,OPTN,SPY Jul 05 '24 $553 Call,4,-738.05,1.84,2.05,SPY Jul 05 '24 $553 Call
6/20/2024,Sold Short,OPTN,SPY Jul 05 '24 $550 Call,-1,288.48,2.89,0.52,SPY Jul 05 '24 $550 Call
6/20/2024,Bought To Cover,OPTN,SPY Jul 05 '24 $553 Call,1,-185.51,1.85,0.51,SPY Jul 05 '24 $553 Call
6/18/2024,Sold Short,OPTN,SPY Jul 05 '24 $553 Call,-5,1177.39,2.36,2.6,SPY Jul 05 '24 $553 Call
6/18/2024,Sold Short,OPTN,SPY Jul 05 '24 $555 Call,-5,832.4,1.67,2.59,SPY Jul 05 '24 $555 Call
6/18/2024,Bought To Cover,OPTN,SPY Jul 05 '24 $555 Call,5,-862.56,1.72,2.56,SPY Jul 05 '24 $555 Call
6/18/2024,Bought To Cover,OPTN,SPY Jun 28 '24 $552 Call,5,-742.56,1.48,2.56,SPY Jun 28 '24 $552 Call
6/17/2024,Sold Short,OPTN,SPY Jun 28 '24 $552 Call,-5,847.4,1.7,2.59,SPY Jun 28 '24 $552 Call
6/17/2024,Bought To Cover,OPTN,SPY Jun 21 '24 $545 Call,5,-1997.56,3.99,2.56,SPY Jun 21 '24 $545 Call
6/14/2024,Sold Short,OPTN,SPY Jun 21 '24 $545 Call,-5,582.41,1.17,2.58,SPY Jun 21 '24 $545 Call
6/14/2024,Bought To Cover,OPTN,SPY Jun 21 '24 $544 Call,5,-787.56,1.57,2.56,SPY Jun 21 '24 $544 Call
6/14/2024,Bought To Cover,OPTN,SPY Jun 20 '24 $546 Call,5,-287.56,0.57,2.56,SPY Jun 20 '24 $546 Call
6/14/2024,Sold Short,OPTN,SPY Jun 21 '24 $544 Call,-5,592.41,1.19,2.58,SPY Jun 21 '24 $544 Call
6/13/2024,Bought To Cover,OPTN,SPY Jun 21 '24 $550 Call,5,-242.56,0.48,2.56,SPY Jun 21 '24 $550 Call
6/13/2024,Sold Short,OPTN,SPY Jun 20 '24 $546 Call,-5,657.41,1.32,2.58,SPY Jun 20 '24 $546 Call
6/12/2024,Sold To Close,OPTN,SPY Jun 20 '25 $485 Call,-5,44531.19,89.07,3.8,SPY Jun 20 '25 $485 Call
6/12/2024,Bought To Cover,OPTN,SPY Jun 21 '24 $548 Call,5,-942.56,1.88,2.56,SPY Jun 21 '24 $548 Call
6/12/2024,Bought To Open,OPTN,SPY Jun 20 '25 $500 Call,5,-38637.56,77.27,2.56,SPY Jun 20 '25 $500 Call
6/12/2024,Sold Short,OPTN,SPY Jun 21 '24 $550 Call,-5,612.41,1.23,2.58,SPY Jun 21 '24 $550 Call
6/12/2024,Sold Short,OPTN,SPY Jun 21 '24 $548 Call,-5,922.4,1.85,2.59,SPY Jun 21 '24 $548 Call
6/12/2024,Bought To Cover,OPTN,SPY Jun 21 '24 $540 Call,5,-3162.56,6.32,2.56,SPY Jun 21 '24 $540 Call
6/10/2024,Sold Short,OPTN,SPY Jun 21 '24 $540 Call,-5,1187.39,2.38,2.6,SPY Jun 21 '24 $540 Call
6/10/2024,Bought To Cover,OPTN,SPY Jun 21 '24 $536 Call,5,-2152.56,4.3,2.56,SPY Jun 21 '24 $536 Call
6/10/2024,Sold Short,OPTN,SPY Jun 21 '24 $536 Call,-4,1237.9,3.1,2.09,SPY Jun 21 '24 $536 Call
6/10/2024,Sold Short,OPTN,SPY Jun 21 '24 $536 Call,-1,310.48,3.11,0.52,SPY Jun 21 '24 $536 Call
6/10/2024,Bought To Cover,OPTN,SPY Jun 14 '24 $540 Call,4,-426.05,1.06,2.05,SPY Jun 14 '24 $540 Call
6/10/2024,Bought To Cover,OPTN,SPY Jun 14 '24 $540 Call,1,-106.51,1.06,0.51,SPY Jun 14 '24 $540 Call
6/7/2024,Sold Short,OPTN,SPY Jun 14 '24 $540 Call,-5,1142.39,2.29,2.6,SPY Jun 14 '24 $540 Call
6/7/2024,Bought To Cover,OPTN,SPY Jun 14 '24 $537 Call,5,-1842.56,3.68,2.56,SPY Jun 14 '24 $537 Call
6/6/2024,Sold Short,OPTN,SPY Jun 14 '24 $537 Call,-5,1547.38,3.1,2.61,SPY Jun 14 '24 $537 Call
6/6/2024,Bought To Cover,OPTN,SPY Jun 14 '24 $540 Call,5,-967.56,1.93,2.56,SPY Jun 14 '24 $540 Call
6/6/2024,Bought To Cover,OPTN,SPY Jun 14 '24 $537 Call,5,-1807.56,3.61,2.56,SPY Jun 14 '24 $537 Call
6/6/2024,Sold Short,OPTN,SPY Jun 14 '24 $540 Call,-5,1137.39,2.28,2.6,SPY Jun 14 '24 $540 Call
6/5/2024,Sold Short,OPTN,SPY Jun 14 '24 $537 Call,-5,1397.39,2.8,2.6,SPY Jun 14 '24 $537 Call
6/5/2024,Bought To Cover,OPTN,SPY Jun 14 '24 $530 Call,5,-3322.56,6.64,2.56,SPY Jun 14 '24 $530 Call
6/4/2024,Sold Short,OPTN,SPY Jun 14 '24 $530 Call,-5,2012.37,4.03,2.62,SPY Jun 14 '24 $530 Call
6/4/2024,Bought To Cover,OPTN,SPY Jun 17 '24 $527 Call,5,-2962.56,5.92,2.56,SPY Jun 17 '24 $527 Call
6/3/2024,Transfer, , ,0,-1000,0,0,ACH WITHDRAWL  REFID:108834524906;
6/3/2024,Transfer, , ,0,-1500,0,0,ACH WITHDRAWL  REFID:108786350906;
6/3/2024,Sold Short,OPTN,SPY Jun 17 '24 $527 Call,-5,2157.36,4.32,2.63,SPY Jun 17 '24 $527 Call
6/3/2024,Bought To Cover,OPTN,SPY Jun 14 '24 $530 Call,5,-1402.56,2.8,2.56,SPY Jun 14 '24 $530 Call
6/3/2024,Sold To Close,OPTN,SPY Jun 20 '25 $485 Call,-2,15198.54,76,1.45,SPY Jun 20 '25 $485 Call
6/3/2024,Bought To Cover,OPTN,SPY Jun 14 '24 $530 Call,2,-883.02,4.41,1.02,SPY Jun 14 '24 $530 Call
6/3/2024,Sold Short,OPTN,SPY Jun 14 '24 $530 Call,-7,3006.31,4.3,3.67,SPY Jun 14 '24 $530 Call
6/3/2024,Bought To Cover,OPTN,SPY Jun 10 '24 $521 Call,7,-6093.58,8.7,3.58,SPY Jun 10 '24 $521 Call
5/31/2024,Transfer, , ,0,-3000,0,0,ACH WITHDRAWL  REFID:108599297906;
5/31/2024,Interest,MMF,CBP,-0.08,0.08,0,0,CASH BALANCE PROGRAM (Period 05/01-05/31)
5/31/2024,Sold Short,OPTN,SPY Jun 10 '24 $521 Call,-7,2621.32,3.75,3.66,SPY Jun 10 '24 $521 Call
5/31/2024,Bought To Cover,OPTN,SPY Jun 07 '24 $525 Call,7,-1158.58,1.65,3.58,SPY Jun 07 '24 $525 Call
5/30/2024,Bought To Cover,OPTN,SPY Jun 07 '24 $529 Call,7,-1165.58,1.66,3.58,SPY Jun 07 '24 $529 Call
5/30/2024,Sold Short,OPTN,SPY Jun 07 '24 $525 Call,-7,2390.33,3.42,3.65,SPY Jun 07 '24 $525 Call
5/29/2024,Bought To Cover,OPTN,SPY Jun 07 '24 $528 Call,7,-2579.58,3.68,3.58,SPY Jun 07 '24 $528 Call
5/29/2024,Sold Short,OPTN,SPY Jun 07 '24 $529 Call,-7,2194.33,3.14,3.65,SPY Jun 07 '24 $529 Call
5/29/2024,Bought To Cover,OPTN,SPY May 31 '24 $532 Call,7,-234.58,0.33,3.58,SPY May 31 '24 $532 Call
5/29/2024,Sold Short,OPTN,SPY Jun 07 '24 $528 Call,-7,2355.33,3.37,3.65,SPY Jun 07 '24 $528 Call
5/24/2024,Bought To Cover,OPTN,SPY May 31 '24 $531 Call,7,-1298.58,1.85,3.58,SPY May 31 '24 $531 Call
5/24/2024,Sold Short,OPTN,SPY May 31 '24 $532 Call,-7,969.37,1.39,3.61,SPY May 31 '24 $532 Call
5/24/2024,Bought To Cover,OPTN,SPY May 31 '24 $534 Call,7,-409.58,0.58,3.58,SPY May 31 '24 $534 Call
5/24/2024,Sold Short,OPTN,SPY May 31 '24 $531 Call,-7,1018.37,1.46,3.61,SPY May 31 '24 $531 Call
5/23/2024,Bought To Cover,OPTN,SPY May 31 '24 $536 Call,7,-668.58,0.95,3.58,SPY May 31 '24 $536 Call
5/23/2024,Sold Short,OPTN,SPY May 31 '24 $534 Call,-7,1088.36,1.56,3.62,SPY May 31 '24 $534 Call
5/23/2024,Sold Short,OPTN,SPY May 31 '24 $536 Call,-7,913.37,1.31,3.61,SPY May 31 '24 $536 Call
5/23/2024,Bought To Cover,OPTN,SPY May 31 '24 $538 Call,7,-542.58,0.77,3.58,SPY May 31 '24 $538 Call
5/23/2024,Sold Short,OPTN,SPY May 31 '24 $538 Call,-7,521.38,0.75,3.6,SPY May 31 '24 $538 Call
5/23/2024,Bought To Cover,OPTN,SPY May 31 '24 $532 Call,7,-2138.58,3.05,3.58,SPY May 31 '24 $532 Call
5/22/2024,Sold Short,OPTN,SPY May 31 '24 $532 Call,-7,1739.35,2.49,3.63,SPY May 31 '24 $532 Call
5/22/2024,Bought To Cover,OPTN,SPY May 31 '24 $534 Call,7,-1214.58,1.73,3.58,SPY May 31 '24 $534 Call
5/22/2024,Bought To Cover,OPTN,SPY May 31 '24 $536 Call,7,-1039.58,1.48,3.58,SPY May 31 '24 $536 Call
5/22/2024,Sold Short,OPTN,SPY May 31 '24 $534 Call,-7,1543.35,2.21,3.63,SPY May 31 '24 $534 Call
5/21/2024,Bought To Cover,OPTN,SPY May 31 '24 $534 Call,7,-1648.58,2.35,3.58,SPY May 31 '24 $534 Call
5/21/2024,Sold Short,OPTN,SPY May 31 '24 $536 Call,-7,1088.36,1.56,3.62,SPY May 31 '24 $536 Call
5/21/2024,Bought To Cover,OPTN,SPY May 31 '24 $536 Call,7,-871.58,1.24,3.58,SPY May 31 '24 $536 Call
5/21/2024,Sold Short,OPTN,SPY May 31 '24 $534 Call,-7,1298.36,1.86,3.62,SPY May 31 '24 $534 Call
5/20/2024,Bought To Cover,OPTN,SPY May 24 '24 $533 Call,7,-1417.58,2.02,3.58,SPY May 24 '24 $533 Call
5/20/2024,Sold Short,OPTN,SPY May 31 '24 $536 Call,-7,1270.38,1.82,3.6,SPY May 31 '24 $536 Call
5/17/2024,Bought To Cover,OPTN,SPY May 24 '24 $535 Call,7,-549.58,0.78,3.58,SPY May 24 '24 $535 Call
5/17/2024,Sold Short,OPTN,SPY May 24 '24 $533 Call,-7,913.39,1.31,3.59,SPY May 24 '24 $533 Call
5/16/2024,Bought To Cover,OPTN,SPY May 24 '24 $533 Call,7,-1683.58,2.4,3.58,SPY May 24 '24 $533 Call
5/16/2024,Sold Short,OPTN,SPY May 24 '24 $535 Call,-7,1130.39,1.62,3.59,SPY May 24 '24 $535 Call
5/16/2024,Sold To Close,OPTN,SPY Mar 21 '25 $475 Call,-7,56114.95,80.17,4.03,SPY Mar 21 '25 $475 Call
5/16/2024,Bought To Open,OPTN,SPY Jun 20 '25 $485 Call,7,-55422.58,79.17,3.58,SPY Jun 20 '25 $485 Call
5/15/2024,Sold Short,OPTN,SPY May 24 '24 $533 Call,-7,1242.39,1.78,3.59,SPY May 24 '24 $533 Call
5/15/2024,Bought To Cover,OPTN,SPY May 28 '24 $530 Call,7,-2271.58,3.24,3.58,SPY May 28 '24 $530 Call
5/15/2024,Bought To Cover,OPTN,SPY May 24 '24 $528 Call,1,-297.51,2.97,0.51,SPY May 24 '24 $528 Call
5/15/2024,Sold Short,OPTN,SPY May 28 '24 $530 Call,-7,1648.38,2.36,3.6,SPY May 28 '24 $530 Call
5/14/2024,Bought To Cover,OPTN,SPY May 28 '24 $525 Call,2,-869.02,4.34,1.02,SPY May 28 '24 $525 Call
5/14/2024,Sold Short,OPTN,SPY May 24 '24 $528 Call,-1,264.48,2.65,0.52,SPY May 24 '24 $528 Call
5/14/2024,Bought To Cover,OPTN,SPY May 28 '24 $525 Call,5,-2177.56,4.35,2.56,SPY May 28 '24 $525 Call
5/14/2024,Sold Short,OPTN,SPY May 28 '24 $525 Call,-7,2628.37,3.76,3.61,SPY May 28 '24 $525 Call
5/14/2024,Bought To Cover,OPTN,SPY May 24 '24 $524 Call,7,-2810.58,4.01,3.58,SPY May 24 '24 $524 Call
5/13/2024,Bought To Cover,OPTN,SPY May 17 '24 $523 Call,7,-1669.58,2.38,3.58,SPY May 17 '24 $523 Call
5/13/2024,Sold Short,OPTN,SPY May 24 '24 $524 Call,-7,2411.38,3.45,3.6,SPY May 24 '24 $524 Call
5/10/2024,Sold Short,OPTN,SPY May 17 '24 $523 Call,-7,1634.38,2.34,3.6,SPY May 17 '24 $523 Call
5/10/2024,Bought To Cover,OPTN,SPY May 17 '24 $524 Call,7,-1361.58,1.94,3.58,SPY May 17 '24 $524 Call
5/10/2024,Bought To Cover,OPTN,SPY May 17 '24 $525 Call,7,-1039.58,1.48,3.58,SPY May 17 '24 $525 Call
5/10/2024,Sold Short,OPTN,SPY May 17 '24 $524 Call,-7,1270.38,1.82,3.6,SPY May 17 '24 $524 Call
5/9/2024,Bought To Cover,OPTN,SPY May 17 '24 $520 Call,7,-2663.58,3.8,3.58,SPY May 17 '24 $520 Call
5/9/2024,Sold Short,OPTN,SPY May 17 '24 $525 Call,-7,1116.39,1.6,3.59,SPY May 17 '24 $525 Call
5/8/2024,Bought To Cover,OPTN,SPY May 17 '24 $524 Call,7,-857.58,1.22,3.58,SPY May 17 '24 $524 Call
5/8/2024,Sold Short,OPTN,SPY May 17 '24 $520 Call,-7,1732.38,2.48,3.6,SPY May 17 '24 $520 Call
5/7/2024,Bought To Cover,OPTN,SPY May 17 '24 $523 Call,7,-1697.58,2.42,3.58,SPY May 17 '24 $523 Call
5/7/2024,Sold Short,OPTN,SPY May 17 '24 $524 Call,-7,1438.38,2.06,3.6,SPY May 17 '24 $524 Call
5/7/2024,Bought To Cover,OPTN,SPY May 17 '24 $520 Call,7,-2481.58,3.54,3.58,SPY May 17 '24 $520 Call
5/7/2024,Sold Short,OPTN,SPY May 17 '24 $523 Call,-7,1592.38,2.28,3.6,SPY May 17 '24 $523 Call
5/6/2024,Transfer, , ,0,-4000,0,0,ACH WITHDRAWL  REFID:106761734906;
5/6/2024,Sold Short,OPTN,SPY May 17 '24 $518 Call,-7,2264.38,3.24,3.6,SPY May 17 '24 $518 Call
5/6/2024,Bought To Cover,OPTN,SPY May 17 '24 $518 Call,7,-2257.58,3.22,3.58,SPY May 17 '24 $518 Call
5/6/2024,Sold Short,OPTN,SPY May 17 '24 $520 Call,-7,1690.38,2.42,3.6,SPY May 17 '24 $520 Call
5/6/2024,Bought To Cover,OPTN,SPY May 14 '24 $514 Call,7,-2726.58,3.89,3.58,SPY May 14 '24 $514 Call
5/3/2024,Bought To Cover,OPTN,SPY May 10 '24 $512 Call,7,-2082.58,2.97,3.58,SPY May 10 '24 $512 Call
5/3/2024,Sold Short,OPTN,SPY May 14 '24 $514 Call,-7,1935.38,2.77,3.6,SPY May 14 '24 $514 Call
5/2/2024,Sold Short,OPTN,SPY May 10 '24 $512 Call,-7,1235.39,1.77,3.59,SPY May 10 '24 $512 Call
5/2/2024,Bought To Cover,OPTN,SPY May 10 '24 $514 Call,7,-864.58,1.23,3.58,SPY May 10 '24 $514 Call
5/2/2024,Bought To Cover,OPTN,SPY May 10 '24 $505 Call,7,-3377.58,4.82,3.58,SPY May 10 '24 $505 Call
5/2/2024,Sold Short,OPTN,SPY May 10 '24 $514 Call,-7,857.39,1.23,3.59,SPY May 10 '24 $514 Call
5/1/2024,Bought To Cover,OPTN,SPY May 10 '24 $502 Call,7,-3342.58,4.77,3.58,SPY May 10 '24 $502 Call
5/1/2024,Sold Short,OPTN,SPY May 10 '24 $505 Call,-7,2369.38,3.39,3.6,SPY May 10 '24 $505 Call
5/1/2024,Sold Short,OPTN,SPY May 10 '24 $502 Call,-2,948.96,4.75,1.03,SPY May 10 '24 $502 Call
5/1/2024,Bought To Cover,OPTN,SPY May 10 '24 $513 Call,5,-537.56,1.07,2.56,SPY May 10 '24 $513 Call
5/1/2024,Sold Short,OPTN,SPY May 10 '24 $502 Call,-5,2367.41,4.74,2.58,SPY May 10 '24 $502 Call
5/1/2024,Bought To Cover,OPTN,SPY May 10 '24 $513 Call,2,-215.02,1.07,1.02,SPY May 10 '24 $513 Call
4/30/2024,Interest,MMF,CBP,-0.14,0.14,0,0,CASH BALANCE PROGRAM (Period 04/01-04/30)
4/30/2024,Sold Short,OPTN,SPY May 10 '24 $512.50 Call,-7,2313.38,3.31,3.6,SPY May 10 '24 $512.50 Call
4/30/2024,Bought To Cover,OPTN,SPY May 10 '24 $512.50 Call,7,-2208.58,3.15,3.58,SPY May 10 '24 $512.50 Call
4/30/2024,Sold Short,OPTN,SPY May 10 '24 $513 Call,-7,2047.38,2.93,3.6,SPY May 10 '24 $513 Call
4/30/2024,Bought To Cover,OPTN,SPY May 03 '24 $515 Call,7,-808.58,1.15,3.58,SPY May 03 '24 $515 Call
4/26/2024,Bought To Cover,OPTN,SPY May 03 '24 $510 Call,6,-2559.07,4.26,3.07,SPY May 03 '24 $510 Call
4/26/2024,Bought To Cover,OPTN,SPY May 03 '24 $512 Call,7,-2257.58,3.22,3.58,SPY May 03 '24 $512 Call
4/26/2024,Sold Short,OPTN,SPY May 03 '24 $512 Call,-6,1934.89,3.23,3.09,SPY May 03 '24 $512 Call
4/26/2024,Bought To Cover,OPTN,SPY May 03 '24 $510 Call,1,-425.51,4.25,0.51,SPY May 03 '24 $510 Call
4/26/2024,Sold Short,OPTN,SPY May 03 '24 $515 Call,-7,1389.38,1.99,3.6,SPY May 03 '24 $515 Call
4/26/2024,Sold Short,OPTN,SPY May 03 '24 $512 Call,-1,321.48,3.22,0.52,SPY May 03 '24 $512 Call
4/26/2024,Sold Short,OPTN,SPY May 03 '24 $510 Call,-7,2026.38,2.9,3.6,SPY May 03 '24 $510 Call
4/26/2024,Bought To Cover,OPTN,SPY May 03 '24 $508 Call,7,-2691.58,3.84,3.58,SPY May 03 '24 $508 Call
4/25/2024,Sold Short,OPTN,SPY May 03 '24 $508 Call,-7,1704.38,2.44,3.6,SPY May 03 '24 $508 Call
4/25/2024,Bought To Cover,OPTN,SPY May 03 '24 $512 Call,7,-920.58,1.31,3.58,SPY May 03 '24 $512 Call
4/23/2024,Bought To Cover,OPTN,SPY May 03 '24 $506 Call,7,-3524.58,5.03,3.58,SPY May 03 '24 $506 Call
4/23/2024,Sold Short,OPTN,SPY May 03 '24 $512 Call,-7,1704.38,2.44,3.6,SPY May 03 '24 $512 Call
4/22/2024,Transfer, , ,0,-4000,0,0,ACH WITHDRAWL  REFID:105707612906;
4/22/2024,Sold Short,OPTN,SPY May 03 '24 $506 Call,-7,1907.38,2.73,3.6,SPY May 03 '24 $506 Call
4/22/2024,Bought To Cover,OPTN,SPY Apr 26 '24 $502 Call,7,-1550.58,2.21,3.58,SPY Apr 26 '24 $502 Call
4/19/2024,Bought To Cover,OPTN,SPY Apr 26 '24 $508 Call,7,-710.58,1.01,3.58,SPY Apr 26 '24 $508 Call
4/19/2024,Sold Short,OPTN,SPY Apr 26 '24 $502 Call,-7,1928.38,2.76,3.6,SPY Apr 26 '24 $502 Call
4/17/2024,Bought To Cover,OPTN,SPY Apr 26 '24 $510 Call,7,-1270.58,1.81,3.58,SPY Apr 26 '24 $510 Call
4/17/2024,Sold Short,OPTN,SPY Apr 26 '24 $508 Call,-7,1683.38,2.41,3.6,SPY Apr 26 '24 $508 Call
4/16/2024,Bought To Cover,OPTN,SPY Apr 19 '24 $508 Call,5,-1222.56,2.44,2.56,SPY Apr 19 '24 $508 Call
4/16/2024,Bought To Cover,OPTN,SPY Apr 19 '24 $508 Call,1,-244.51,2.44,0.51,SPY Apr 19 '24 $508 Call
4/16/2024,Sold Short,OPTN,SPY Apr 26 '24 $510 Call,-5,1837.41,3.68,2.58,SPY Apr 26 '24 $510 Call
4/16/2024,Sold Short,OPTN,SPY Apr 26 '24 $510 Call,-1,367.48,3.68,0.52,SPY Apr 26 '24 $510 Call
4/16/2024,Bought To Cover,OPTN,SPY Apr 19 '24 $508 Call,1,-244.51,2.44,0.51,SPY Apr 19 '24 $508 Call
4/16/2024,Sold Short,OPTN,SPY Apr 26 '24 $510 Call,-1,367.48,3.68,0.52,SPY Apr 26 '24 $510 Call
4/15/2024,Bought To Cover,OPTN,SPY Apr 19 '24 $516 Call,7,-458.58,0.65,3.58,SPY Apr 19 '24 $516 Call
4/15/2024,Sold Short,OPTN,SPY Apr 19 '24 $508 Call,-7,2061.38,2.95,3.6,SPY Apr 19 '24 $508 Call
4/15/2024,Bought To Cover,OPTN,SPY Apr 19 '24 $520 Call,7,-738.58,1.05,3.58,SPY Apr 19 '24 $520 Call
4/15/2024,Sold Short,OPTN,SPY Apr 19 '24 $516 Call,-7,1711.38,2.45,3.6,SPY Apr 19 '24 $516 Call
4/15/2024,Bought To Cover,OPTN,SPY Apr 19 '24 $516 Call,2,-581.02,2.9,1.02,SPY Apr 19 '24 $516 Call
4/15/2024,Sold Short,OPTN,SPY Apr 19 '24 $520 Call,-4,501.93,1.26,2.06,SPY Apr 19 '24 $520 Call
4/15/2024,Sold Short,OPTN,SPY Apr 19 '24 $520 Call,-1,126.48,1.27,0.52,SPY Apr 19 '24 $520 Call
4/15/2024,Bought To Cover,OPTN,SPY Apr 19 '24 $516 Call,1,-290.51,2.9,0.51,SPY Apr 19 '24 $516 Call
4/15/2024,Sold Short,OPTN,SPY Apr 19 '24 $520 Call,-2,252.96,1.27,1.03,SPY Apr 19 '24 $520 Call
4/15/2024,Bought To Cover,OPTN,SPY Apr 19 '24 $516 Call,4,-1158.05,2.89,2.05,SPY Apr 19 '24 $516 Call
4/12/2024,Sold Short,OPTN,SPY Apr 19 '24 $516 Call,-7,1816.38,2.6,3.6,SPY Apr 19 '24 $516 Call
4/12/2024,Bought To Cover,OPTN,SPY Apr 19 '24 $522 Call,7,-626.58,0.89,3.58,SPY Apr 19 '24 $522 Call
4/11/2024,Sold Short,OPTN,SPY Apr 19 '24 $522 Call,-7,1571.38,2.25,3.6,SPY Apr 19 '24 $522 Call
4/11/2024,Bought To Cover,OPTN,SPY Apr 19 '24 $520 Call,7,-2201.58,3.14,3.58,SPY Apr 19 '24 $520 Call
4/10/2024,Sold Short,OPTN,SPY Apr 19 '24 $520 Call,-7,1746.38,2.5,3.6,SPY Apr 19 '24 $520 Call
4/10/2024,Bought To Cover,OPTN,SPY Apr 19 '24 $525 Call,7,-696.58,0.99,3.58,SPY Apr 19 '24 $525 Call
4/9/2024,Bought To Cover,OPTN,SPY Apr 19 '24 $522 Call,7,-2817.58,4.02,3.58,SPY Apr 19 '24 $522 Call
4/9/2024,Sold Short,OPTN,SPY Apr 19 '24 $525 Call,-7,1823.38,2.61,3.6,SPY Apr 19 '24 $525 Call
4/9/2024,Bought To Cover,OPTN,SPY Apr 19 '24 $520 Call,7,-2677.58,3.82,3.58,SPY Apr 19 '24 $520 Call
4/9/2024,Sold Short,OPTN,SPY Apr 19 '24 $522 Call,-7,2026.38,2.9,3.6,SPY Apr 19 '24 $522 Call
4/9/2024,Bought To Cover,OPTN,SPY Apr 12 '24 $525 Call,7,-409.58,0.58,3.58,SPY Apr 12 '24 $525 Call
4/9/2024,Sold Short,OPTN,SPY Apr 19 '24 $520 Call,-7,2390.38,3.42,3.6,SPY Apr 19 '24 $520 Call
4/5/2024,Sold Short,OPTN,SPY Apr 12 '24 $525 Call,-7,1186.39,1.7,3.59,SPY Apr 12 '24 $525 Call
4/5/2024,Bought To Cover,OPTN,SPY Apr 12 '24 $522 Call,7,-2012.58,2.87,3.58,SPY Apr 12 '24 $522 Call
4/5/2024,Sold Short,OPTN,SPY Apr 12 '24 $522 Call,-5,1087.42,2.18,2.57,SPY Apr 12 '24 $522 Call
4/5/2024,Bought To Cover,OPTN,SPY Apr 12 '24 $519 Call,1,-352.51,3.52,0.51,SPY Apr 12 '24 $519 Call
4/5/2024,Sold Short,OPTN,SPY Apr 12 '24 $522 Call,-1,217.48,2.18,0.52,SPY Apr 12 '24 $522 Call
4/5/2024,Bought To Cover,OPTN,SPY Apr 12 '24 $519 Call,1,-352.51,3.52,0.51,SPY Apr 12 '24 $519 Call
4/5/2024,Bought To Cover,OPTN,SPY Apr 12 '24 $519 Call,5,-1762.56,3.52,2.56,SPY Apr 12 '24 $519 Call
4/5/2024,Sold Short,OPTN,SPY Apr 12 '24 $522 Call,-1,217.48,2.18,0.52,SPY Apr 12 '24 $522 Call
4/4/2024,Transfer, , ,0,-4000,0,0,ACH WITHDRAWL  REFID:104380907906;
4/4/2024,Sold Short,OPTN,SPY Apr 12 '24 $519 Call,-5,1387.41,2.78,2.58,SPY Apr 12 '24 $519 Call
4/4/2024,Sold Short,OPTN,SPY Apr 12 '24 $519 Call,-1,276.48,2.77,0.52,SPY Apr 12 '24 $519 Call
4/4/2024,Bought To Cover,OPTN,SPY Apr 15 '24 $522 Call,5,-997.56,1.99,2.56,SPY Apr 15 '24 $522 Call
4/4/2024,Sold Short,OPTN,SPY Apr 12 '24 $519 Call,-1,277.48,2.78,0.52,SPY Apr 12 '24 $519 Call
4/4/2024,Bought To Cover,OPTN,SPY Apr 15 '24 $522 Call,1,-199.51,1.99,0.51,SPY Apr 15 '24 $522 Call
4/4/2024,Bought To Cover,OPTN,SPY Apr 15 '24 $522 Call,1,-198.51,1.98,0.51,SPY Apr 15 '24 $522 Call
4/4/2024,Bought To Cover,OPTN,SPY Apr 12 '24 $525 Call,7,-1011.58,1.44,3.58,SPY Apr 12 '24 $525 Call
4/4/2024,Sold Short,OPTN,SPY Apr 15 '24 $522 Call,-7,1886.38,2.7,3.6,SPY Apr 15 '24 $522 Call
4/3/2024,Sold Short,OPTN,SPY Apr 12 '24 $525 Call,-6,1460.89,2.44,3.09,SPY Apr 12 '24 $525 Call
4/3/2024,Bought To Cover,OPTN,SPY Apr 12 '24 $523 Call,1,-331.51,3.31,0.51,SPY Apr 12 '24 $523 Call
4/3/2024,Bought To Cover,OPTN,SPY Apr 12 '24 $523 Call,6,-1989.07,3.31,3.07,SPY Apr 12 '24 $523 Call
4/3/2024,Sold Short,OPTN,SPY Apr 12 '24 $525 Call,-1,243.48,2.44,0.52,SPY Apr 12 '24 $525 Call
4/2/2024,Sold Short,OPTN,SPY Apr 12 '24 $523 Call,-7,1634.38,2.34,3.6,SPY Apr 12 '24 $523 Call
4/2/2024,Bought To Cover,OPTN,SPY Apr 05 '24 $526 Call,7,-241.58,0.34,3.58,SPY Apr 05 '24 $526 Call
4/1/2024,Bought To Cover,OPTN,SPY Apr 05 '24 $529 Call,7,-304.58,0.43,3.58,SPY Apr 05 '24 $529 Call
4/1/2024,Sold Short,OPTN,SPY Apr 05 '24 $526 Call,-7,738.39,1.06,3.59,SPY Apr 05 '24 $526 Call
3/28/2024,Transfer, , ,0,-4000,0,0,ACH WITHDRAWL  REFID:103791125906;
3/28/2024,Interest,MMF,CBP,-0.19,0.19,0,0,CASH BALANCE PROGRAM (Period 03/01-03/31)
3/28/2024,Bought To Cover,OPTN,SPY Apr 05 '24 $530 Call,7,-549.58,0.78,3.58,SPY Apr 05 '24 $530 Call
3/28/2024,Sold Short,OPTN,SPY Apr 05 '24 $529 Call,-7,696.39,1,3.59,SPY Apr 05 '24 $529 Call
3/27/2024,Bought To Cover,OPTN,SPY Apr 05 '24 $526 Call,7,-1480.58,2.11,3.58,SPY Apr 05 '24 $526 Call
3/27/2024,Sold Short,OPTN,SPY Apr 05 '24 $530 Call,-7,570.39,0.82,3.59,SPY Apr 05 '24 $530 Call
3/26/2024,Sold Short,OPTN,SPY Apr 05 '24 $526 Call,-7,1053.39,1.51,3.59,SPY Apr 05 '24 $526 Call
3/26/2024,Bought To Cover,OPTN,SPY Mar 28 '24 $525 Call,7,-206.58,0.29,3.58,SPY Mar 28 '24 $525 Call
3/22/2024,Bought To Cover,OPTN,SPY Mar 28 '24 $528 Call,7,-325.58,0.46,3.58,SPY Mar 28 '24 $528 Call
3/22/2024,Sold Short,OPTN,SPY Mar 28 '24 $525 Call,-7,787.39,1.13,3.59,SPY Mar 28 '24 $525 Call
3/21/2024,Bought To Open,OPTN,SPY Mar 21 '25 $475 Call,7,-56360.58,80.51,3.58,SPY Mar 21 '25 $475 Call
3/21/2024,Sold To Close,OPTN,SPY Mar 21 '25 $470 Call,-7,59012.92,84.31,4.06,SPY Mar 21 '25 $470 Call
3/21/2024,Bought To Cover,OPTN,SPY Mar 28 '24 $525 Call,7,-1830.58,2.61,3.58,SPY Mar 28 '24 $525 Call
3/21/2024,Sold Short,OPTN,SPY Mar 28 '24 $528 Call,-7,976.39,1.4,3.59,SPY Mar 28 '24 $528 Call
3/20/2024,Sold Short,OPTN,SPY Mar 28 '24 $525 Call,-1,170.48,1.71,0.52,SPY Mar 28 '24 $525 Call
3/20/2024,Bought To Cover,OPTN,SPY Mar 22 '24 $520 Call,4,-994.05,2.48,2.05,SPY Mar 22 '24 $520 Call
3/20/2024,Bought To Cover,OPTN,SPY Mar 22 '24 $520 Call,2,-497.02,2.48,1.02,SPY Mar 22 '24 $520 Call
3/20/2024,Bought To Cover,OPTN,SPY Mar 22 '24 $520 Call,1,-248.51,2.48,0.51,SPY Mar 22 '24 $520 Call
3/20/2024,Sold Short,OPTN,SPY Mar 28 '24 $525 Call,-2,340.96,1.71,1.03,SPY Mar 28 '24 $525 Call
3/20/2024,Sold Short,OPTN,SPY Mar 28 '24 $525 Call,-4,681.93,1.71,2.06,SPY Mar 28 '24 $525 Call
3/19/2024,Sold Short,OPTN,SPY Mar 22 '24 $520 Call,-7,787.39,1.13,3.59,SPY Mar 22 '24 $520 Call
3/19/2024,Bought To Cover,OPTN,SPY Mar 22 '24 $518 Call,7,-1270.58,1.81,3.58,SPY Mar 22 '24 $518 Call
3/18/2024,Sold Short,OPTN,SPY Mar 22 '24 $518 Call,-7,1270.38,1.82,3.6,SPY Mar 22 '24 $518 Call
3/18/2024,Bought To Cover,OPTN,SPY Mar 22 '24 $515 Call,7,-2194.58,3.13,3.58,SPY Mar 22 '24 $515 Call
3/15/2024,Bought To Cover,OPTN,SPY Mar 22 '24 $523 Call,7,-409.58,0.58,3.58,SPY Mar 22 '24 $523 Call
3/15/2024,Sold Short,OPTN,SPY Mar 22 '24 $515 Call,-7,1592.38,2.28,3.6,SPY Mar 22 '24 $515 Call
3/15/2024,Sold Short,OPTN,SPY Mar 22 '24 $523 Call,-7,304.39,0.44,3.59,SPY Mar 22 '24 $523 Call
3/15/2024,Bought To Cover,OPTN,SPY Mar 22 '24 $520 Call,7,-626.58,0.89,3.58,SPY Mar 22 '24 $520 Call
3/12/2024,Bought To Cover,OPTN,SPY Mar 22 '24 $515 Call,7,-3188.58,4.55,3.58,SPY Mar 22 '24 $515 Call
3/12/2024,Sold Short,OPTN,SPY Mar 22 '24 $520 Call,-7,1606.38,2.3,3.6,SPY Mar 22 '24 $520 Call
3/11/2024,Bought To Cover,OPTN,SPY Mar 18 '24 $517 Call,7,-787.58,1.12,3.58,SPY Mar 18 '24 $517 Call
3/11/2024,Sold Short,OPTN,SPY Mar 22 '24 $515 Call,-7,1907.38,2.73,3.6,SPY Mar 22 '24 $515 Call
3/8/2024,Bought To Cover,OPTN,SPY Mar 18 '24 $525 Call,7,-332.58,0.47,3.58,SPY Mar 18 '24 $525 Call
3/8/2024,Sold Short,OPTN,SPY Mar 18 '24 $517 Call,-7,1515.38,2.17,3.6,SPY Mar 18 '24 $517 Call
3/8/2024,Sold Short,OPTN,SPY Mar 18 '24 $525 Call,-7,871.39,1.25,3.59,SPY Mar 18 '24 $525 Call
3/8/2024,Bought To Cover,OPTN,SPY Mar 18 '24 $520 Call,7,-2040.58,2.91,3.58,SPY Mar 18 '24 $520 Call
3/7/2024,Sold To Close,OPTN,SPY Jan 17 '25 $465 Call,-7,52327.98,74.76,4,SPY Jan 17 '25 $465 Call
3/7/2024,Bought To Open,OPTN,SPY Mar 21 '25 $470 Call,7,-53266.58,76.09,3.58,SPY Mar 21 '25 $470 Call
3/7/2024,Bought To Cover,OPTN,SPY Mar 15 '24 $517 Call,7,-1977.58,2.82,3.58,SPY Mar 15 '24 $517 Call
3/7/2024,Sold Short,OPTN,SPY Mar 18 '24 $520 Call,-7,1284.38,1.84,3.6,SPY Mar 18 '24 $520 Call
3/6/2024,Sold Short,OPTN,SPY Mar 15 '24 $517 Call,-7,1074.39,1.54,3.59,SPY Mar 15 '24 $517 Call
3/6/2024,Bought To Cover,OPTN,SPY Mar 15 '24 $515 Call,7,-1536.58,2.19,3.58,SPY Mar 15 '24 $515 Call
3/5/2024,Bought To Cover,OPTN,SPY Mar 15 '24 $513 Call,7,-1186.58,1.69,3.58,SPY Mar 15 '24 $513 Call
3/5/2024,Sold Short,OPTN,SPY Mar 15 '24 $515 Call,-7,829.39,1.19,3.59,SPY Mar 15 '24 $515 Call
3/5/2024,Bought To Cover,OPTN,SPY Mar 15 '24 $520 Call,7,-437.58,0.62,3.58,SPY Mar 15 '24 $520 Call
3/5/2024,Sold Short,OPTN,SPY Mar 15 '24 $513 Call,-7,1592.38,2.28,3.6,SPY Mar 15 '24 $513 Call
3/4/2024,Sold Short,OPTN,SPY Mar 15 '24 $520 Call,-7,1263.38,1.81,3.6,SPY Mar 15 '24 $520 Call
3/4/2024,Bought To Cover,OPTN,SPY Mar 08 '24 $516 Call,7,-1340.58,1.91,3.58,SPY Mar 08 '24 $516 Call
3/1/2024,Sold Short,OPTN,SPY Mar 08 '24 $516 Call,-7,1200.39,1.72,3.59,SPY Mar 08 '24 $516 Call
3/1/2024,Bought To Cover,OPTN,SPY Mar 08 '24 $512 Call,7,-2565.58,3.66,3.58,SPY Mar 08 '24 $512 Call
2/29/2024,Interest,MMF,CBP,-0.17,0.17,0,0,CASH BALANCE PROGRAM (Period 02/01-02/29)
2/29/2024,Bought To Cover,OPTN,SPY Mar 08 '24 $510 Call,7,-1977.58,2.82,3.58,SPY Mar 08 '24 $510 Call
2/29/2024,Sold Short,OPTN,SPY Mar 08 '24 $512 Call,-7,1368.38,1.96,3.6,SPY Mar 08 '24 $512 Call
2/27/2024,Sold Short,OPTN,SPY Mar 08 '24 $510 Call,-7,1627.38,2.33,3.6,SPY Mar 08 '24 $510 Call
2/27/2024,Bought To Cover,OPTN,SPY Mar 01 '24 $512 Call,7,-290.58,0.41,3.58,SPY Mar 01 '24 $512 Call
2/23/2024,Sold Short,OPTN,SPY Mar 01 '24 $512 Call,-7,1214.39,1.74,3.59,SPY Mar 01 '24 $512 Call
2/23/2024,Bought To Cover,OPTN,SPY Mar 01 '24 $515 Call,7,-633.58,0.9,3.58,SPY Mar 01 '24 $515 Call
2/23/2024,Bought To Open,OPTN,SPY Jan 17 '25 $465 Call,7,-50193.58,71.7,3.58,SPY Jan 17 '25 $465 Call
2/23/2024,Sold To Close,OPTN,SPY Jan 17 '25 $460 Call,-7,52992.97,75.71,4.01,SPY Jan 17 '25 $460 Call
2/23/2024,Sold Short,OPTN,SPY Mar 01 '24 $515 Call,-7,997.39,1.43,3.59,SPY Mar 01 '24 $515 Call
2/23/2024,Bought To Cover,OPTN,SPY Mar 01 '24 $511 Call,7,-2110.58,3.01,3.58,SPY Mar 01 '24 $511 Call
2/22/2024,Sold Short,OPTN,SPY Mar 01 '24 $511 Call,-7,1564.38,2.24,3.6,SPY Mar 01 '24 $511 Call
2/22/2024,Bought To Cover,OPTN,SPY Mar 01 '24 $509 Call,7,-2180.58,3.11,3.58,SPY Mar 01 '24 $509 Call
2/22/2024,Bought To Open,OPTN,SPY Jan 17 '25 $460 Call,1,-7172.51,71.72,0.51,SPY Jan 17 '25 $460 Call
2/22/2024,Bought To Open,OPTN,SPY Jan 17 '25 $460 Call,1,-7165.51,71.65,0.51,SPY Jan 17 '25 $460 Call
2/22/2024,Bought To Open,OPTN,SPY Jan 17 '25 $460 Call,2,-14347.02,71.73,1.02,SPY Jan 17 '25 $460 Call
2/22/2024,Sold To Close,OPTN,SPY Jan 17 '25 $455 Call,-2,15148.84,75.75,1.15,SPY Jan 17 '25 $455 Call
2/22/2024,Bought To Open,OPTN,SPY Jan 17 '25 $460 Call,2,-14353.02,71.76,1.02,SPY Jan 17 '25 $460 Call
2/22/2024,Sold To Close,OPTN,SPY Jan 17 '25 $455 Call,-2,15154.84,75.78,1.15,SPY Jan 17 '25 $455 Call
2/22/2024,Bought To Cover,OPTN,SPY Feb 26 '24 $500 Call,3,-1873.53,6.24,1.53,SPY Feb 26 '24 $500 Call
2/22/2024,Sold To Close,OPTN,SPY Jan 17 '25 $455 Call,-1,7574.42,75.75,0.58,SPY Jan 17 '25 $455 Call
2/22/2024,Sold To Close,OPTN,SPY Jan 17 '25 $455 Call,-1,7571.42,75.72,0.58,SPY Jan 17 '25 $455 Call
2/22/2024,Sold To Close,OPTN,SPY Jan 17 '25 $455 Call,-1,7564.42,75.65,0.58,SPY Jan 17 '25 $455 Call
2/22/2024,Bought To Open,OPTN,SPY Jan 17 '25 $460 Call,1,-7175.51,71.75,0.51,SPY Jan 17 '25 $460 Call
2/22/2024,Sold Short,OPTN,SPY Mar 01 '24 $509 Call,-4,861.93,2.16,2.06,SPY Mar 01 '24 $509 Call
2/22/2024,Bought To Cover,OPTN,SPY Feb 26 '24 $500 Call,4,-2494.05,6.23,2.05,SPY Feb 26 '24 $500 Call
2/22/2024,Sold Short,OPTN,SPY Mar 01 '24 $509 Call,-3,649.45,2.17,1.54,SPY Mar 01 '24 $509 Call
2/21/2024,Bought To Cover,OPTN,SPY Feb 26 '24 $499 Call,7,-1494.58,2.13,3.58,SPY Feb 26 '24 $499 Call
2/21/2024,Sold Short,OPTN,SPY Feb 26 '24 $500 Call,-7,1200.39,1.72,3.59,SPY Feb 26 '24 $500 Call
2/20/2024,Bought To Cover,OPTN,SPY Feb 23 '24 $501 Call,7,-829.58,1.18,3.58,SPY Feb 23 '24 $501 Call
2/20/2024,Sold Short,OPTN,SPY Feb 26 '24 $499 Call,-7,1522.38,2.18,3.6,SPY Feb 26 '24 $499 Call
2/16/2024,Bought To Cover,OPTN,SPY Feb 23 '24 $503 Call,7,-1172.58,1.67,3.58,SPY Feb 23 '24 $503 Call
2/16/2024,Sold Short,OPTN,SPY Feb 23 '24 $501 Call,-7,1753.38,2.51,3.6,SPY Feb 23 '24 $501 Call
2/16/2024,Bought To Cover,OPTN,SPY Feb 23 '24 $505 Call,7,-1172.58,1.67,3.58,SPY Feb 23 '24 $505 Call
2/16/2024,Sold Short,OPTN,SPY Feb 23 '24 $503 Call,-7,1760.38,2.52,3.6,SPY Feb 23 '24 $503 Call
2/15/2024,Bought To Cover,OPTN,SPY Feb 23 '24 $503 Call,7,-2033.58,2.9,3.58,SPY Feb 23 '24 $503 Call
2/15/2024,Sold Short,OPTN,SPY Feb 23 '24 $505 Call,-7,1410.38,2.02,3.6,SPY Feb 23 '24 $505 Call
2/15/2024,Bought To Cover,OPTN,SPY Feb 20 '24 $500 Call,7,-1501.58,2.14,3.58,SPY Feb 20 '24 $500 Call
2/15/2024,Sold Short,OPTN,SPY Feb 23 '24 $503 Call,-7,1431.38,2.05,3.6,SPY Feb 23 '24 $503 Call
2/14/2024,Sold Short,OPTN,SPY Feb 20 '24 $500 Call,-7,1389.38,1.99,3.6,SPY Feb 20 '24 $500 Call
2/14/2024,Bought To Cover,OPTN,SPY Feb 16 '24 $497 Call,7,-2278.58,3.25,3.58,SPY Feb 16 '24 $497 Call
2/13/2024,Sold Short,OPTN,SPY Feb 16 '24 $497 Call,-1,97.48,0.98,0.52,SPY Feb 16 '24 $497 Call
2/13/2024,Sold Short,OPTN,SPY Feb 16 '24 $497 Call,-1,97.48,0.98,0.52,SPY Feb 16 '24 $497 Call
2/13/2024,Sold Short,OPTN,SPY Feb 16 '24 $497 Call,-5,487.42,0.98,2.57,SPY Feb 16 '24 $497 Call
2/9/2024,Bought To Cover,OPTN,SPY Feb 16 '24 $507 Call,7,-710.58,1.01,3.58,SPY Feb 16 '24 $507 Call
2/9/2024,Sold Short,OPTN,SPY Feb 16 '24 $507 Call,-1,67.48,0.68,0.52,SPY Feb 16 '24 $507 Call
2/9/2024,Bought To Open,OPTN,SPY Jan 17 '25 $455 Call,1,-7100.51,71,0.51,SPY Jan 17 '25 $455 Call
2/9/2024,Sold Short,OPTN,SPY Feb 16 '24 $507 Call,-6,404.9,0.68,3.08,SPY Feb 16 '24 $507 Call
2/9/2024,Bought To Cover,OPTN,SPY Feb 09 '24 $502 Call,6,-93.07,0.15,3.07,SPY Feb 09 '24 $502 Call
2/7/2024,Bought To Open,OPTN,SPY Jan 17 '25 $455 Call,6,-41697.07,69.49,3.07,SPY Jan 17 '25 $455 Call
2/7/2024,Sold To Close,OPTN,SPY Jan 17 '25 $450 Call,-6,43880.55,73.14,3.43,SPY Jan 17 '25 $450 Call
2/7/2024,Bought To Cover,OPTN,SPY Feb 09 '24 $497 Call,6,-1491.07,2.48,3.07,SPY Feb 09 '24 $497 Call
2/7/2024,Sold Short,OPTN,SPY Feb 09 '24 $502 Call,-6,314.9,0.53,3.08,SPY Feb 09 '24 $502 Call
2/6/2024,Sold Short,OPTN,SPY Feb 09 '24 $497 Call,-6,428.9,0.72,3.08,SPY Feb 09 '24 $497 Call
2/6/2024,Sold To Close,OPTN,SPY Jan 17 '25 $435 Call,-6,49112.51,81.86,3.47,SPY Jan 17 '25 $435 Call
2/6/2024,Bought To Open,OPTN,SPY Jan 17 '25 $450 Call,6,-41835.07,69.72,3.07,SPY Jan 17 '25 $450 Call
2/5/2024,Transfer, , ,0,32000,0,0,ACH DEPOSIT  REFID:99456205906;
2/5/2024,Bought To Open,OPTN,SPY Jan 17 '25 $435 Call,1,-8226.51,82.26,0.51,SPY Jan 17 '25 $435 Call
2/5/2024,Bought To Open,OPTN,SPY Jan 17 '25 $435 Call,1,-8226.51,82.26,0.51,SPY Jan 17 '25 $435 Call
2/5/2024,Bought To Open,OPTN,SPY Jan 17 '25 $435 Call,1,-8226.51,82.26,0.51,SPY Jan 17 '25 $435 Call
2/1/2024,Bought To Cover,OPTN,SPY Feb 05 '24 $486 Call,3,-1045.53,3.48,1.53,SPY Feb 05 '24 $486 Call
1/31/2024,Interest,MMF,CBP,-0.11,0.11,0,0,CASH BALANCE PROGRAM (Period 01/01-01/31)
1/31/2024,Sold Short,OPTN,SPY Feb 05 '24 $486 Call,-3,538.45,1.8,1.54,SPY Feb 05 '24 $486 Call
1/31/2024,Bought To Cover,OPTN,SPY Feb 05 '24 $490 Call,3,-199.53,0.66,1.53,SPY Feb 05 '24 $490 Call
1/31/2024,Sold Short,OPTN,SPY Feb 05 '24 $490 Call,-3,310.45,1.04,1.54,SPY Feb 05 '24 $490 Call
1/24/2024,Bought To Cover,OPTN,SPY Jan 25 '24 $485 Call,3,-1249.53,4.16,1.53,SPY Jan 25 '24 $485 Call
1/22/2024,Sold To Close,OPTN,SPY Dec 20 '24 $425 Call,-3,24565.26,81.89,1.73,SPY Dec 20 '24 $425 Call
1/22/2024,Bought To Open,OPTN,SPY Jan 17 '25 $435 Call,3,-22417.53,74.72,1.53,SPY Jan 17 '25 $435 Call
1/19/2024,Bought To Cover,OPTN,SPY Jan 25 '24 $478 Call,3,-1627.53,5.42,1.53,SPY Jan 25 '24 $478 Call
1/19/2024,Sold Short,OPTN,SPY Jan 25 '24 $485 Call,-3,376.45,1.26,1.54,SPY Jan 25 '24 $485 Call
1/18/2024,Bought To Cover,OPTN,SPY Jan 24 '24 $475 Call,3,-934.53,3.11,1.53,SPY Jan 24 '24 $475 Call
1/18/2024,Sold Short,OPTN,SPY Jan 25 '24 $478 Call,-3,583.45,1.95,1.54,SPY Jan 25 '24 $478 Call
1/17/2024,Bought To Cover,OPTN,SPY Jan 19 '24 $478 Call,3,-88.53,0.29,1.53,SPY Jan 19 '24 $478 Call
1/17/2024,Sold Short,OPTN,SPY Jan 24 '24 $475 Call,-3,535.45,1.79,1.54,SPY Jan 24 '24 $475 Call
1/16/2024,Sold Short,OPTN,SPY Jan 19 '24 $478 Call,-3,340.45,1.14,1.54,SPY Jan 19 '24 $478 Call
1/11/2024,Bought To Cover,OPTN,SPY Jan 22 '24 $476 Call,3,-1006.53,3.35,1.53,SPY Jan 22 '24 $476 Call
1/8/2024,Sold Short,OPTN,SPY Jan 22 '24 $476 Call,-3,877.45,2.93,1.54,SPY Jan 22 '24 $476 Call
1/8/2024,Bought To Cover,OPTN,SPY Jan 16 '24 $471 Call,3,-1417.53,4.72,1.53,SPY Jan 16 '24 $471 Call
1/5/2024,Sold Short,OPTN,SPY Jan 16 '24 $471 Call,-3,616.45,2.06,1.54,SPY Jan 16 '24 $471 Call
1/5/2024,Bought To Cover,OPTN,SPY Jan 09 '24 $472 Call,3,-103.53,0.34,1.53,SPY Jan 09 '24 $472 Call
1/3/2024,Bought To Cover,OPTN,SPY Jan 08 '24 $475 Call,3,-121.53,0.4,1.53,SPY Jan 08 '24 $475 Call
1/3/2024,Sold Short,OPTN,SPY Jan 09 '24 $472 Call,-3,394.45,1.32,1.54,SPY Jan 09 '24 $472 Call
1/2/2024,Sold Short,OPTN,SPY Jan 08 '24 $475 Call,-3,394.45,1.32,1.54,SPY Jan 08 '24 $475 Call
1/2/2024,Option Expiration,OPTN,SPY Dec 29 '23 $479 Call,3,0,0,0,SPY Dec 29 '23 $479 Call
12/29/2023,Interest,MMF,CBP,-0.11,0.11,0,0,CASH BALANCE PROGRAM (Period 12/01-12/31)
12/26/2023,Bought To Cover,OPTN,SPY Dec 29 '23 $475 Call,3,-766.53,2.55,1.53,SPY Dec 29 '23 $475 Call
12/26/2023,Sold Short,OPTN,SPY Dec 29 '23 $479 Call,-3,268.45,0.9,1.54,SPY Dec 29 '23 $479 Call
12/21/2023,Sold Short,OPTN,SPY Dec 29 '23 $475 Call,-3,493.45,1.65,1.54,SPY Dec 29 '23 $475 Call
12/18/2023,Bought To Open,OPTN,SPY Dec 20 '24 $425 Call,3,-22195.53,73.98,1.53,SPY Dec 20 '24 $425 Call
12/18/2023,Sold To Close,OPTN,SPY Dec 20 '24 $415 Call,-3,24610.26,82.04,1.73,SPY Dec 20 '24 $415 Call
12/1/2023,Bought To Cover,OPTN,SPY Dec 08 '23 $457 Call,3,-1180.53,3.93,1.53,SPY Dec 08 '23 $457 Call
11/30/2023,Interest,MMF,CBP,-0.09,0.09,0,0,CASH BALANCE PROGRAM (Period 11/01-11/30)
11/30/2023,Bought To Cover,OPTN,SPY Dec 08 '23 $460 Call,3,-268.53,0.89,1.53,SPY Dec 08 '23 $460 Call
11/30/2023,Sold Short,OPTN,SPY Dec 08 '23 $457 Call,-3,535.45,1.79,1.54,SPY Dec 08 '23 $457 Call
11/29/2023,Bought To Open,OPTN,SPY Dec 20 '24 $415 Call,3,-20623.53,68.74,1.53,SPY Dec 20 '24 $415 Call
11/29/2023,Sold To Close,OPTN,SPY Sep 20 '24 $400 Call,-3,22507.27,75.03,1.72,SPY Sep 20 '24 $400 Call
11/29/2023,Sold Short,OPTN,SPY Dec 08 '23 $460 Call,-3,514.45,1.72,1.54,SPY Dec 08 '23 $460 Call
11/29/2023,Bought To Cover,OPTN,SPY Nov 30 '23 $458 Call,3,-184.53,0.61,1.53,SPY Nov 30 '23 $458 Call
11/22/2023,Sold Short,OPTN,SPY Nov 30 '23 $458 Call,-3,409.45,1.37,1.54,SPY Nov 30 '23 $458 Call
11/22/2023,Bought To Cover,OPTN,SPY Nov 30 '23 $456 Call,3,-682.53,2.27,1.53,SPY Nov 30 '23 $456 Call
11/22/2023,Sold Short,OPTN,SPY Nov 30 '23 $456 Call,-3,667.45,2.23,1.54,SPY Nov 30 '23 $456 Call
11/20/2023,Bought To Cover,OPTN,SPY Nov 27 '23 $454 Call,3,-727.53,2.42,1.53,SPY Nov 27 '23 $454 Call
11/15/2023,Sold Short,OPTN,SPY Nov 27 '23 $454 Call,-3,577.45,1.93,1.54,SPY Nov 27 '23 $454 Call
11/15/2023,Bought To Cover,OPTN,SPY Nov 17 '23 $462 Call,3,-12.03,0.04,0.03,SPY Nov 17 '23 $462 Call
11/14/2023,Bought To Cover,OPTN,SPY Nov 17 '23 $444 Call,3,-1663.53,5.54,1.53,SPY Nov 17 '23 $444 Call
11/14/2023,Sold Short,OPTN,SPY Nov 17 '23 $462 Call,-3,10.45,0.04,1.54,SPY Nov 17 '23 $462 Call
11/10/2023,Bought To Cover,OPTN,SPY Nov 17 '23 $440 Call,3,-1051.53,3.5,1.53,SPY Nov 17 '23 $440 Call
11/10/2023,Sold Short,OPTN,SPY Nov 17 '23 $444 Call,-3,463.45,1.55,1.54,SPY Nov 17 '23 $444 Call
11/10/2023,Sold Short,OPTN,SPY Nov 17 '23 $440 Call,-3,562.45,1.88,1.54,SPY Nov 17 '23 $440 Call
11/10/2023,Bought To Cover,OPTN,SPY Nov 14 '23 $437 Call,3,-691.53,2.3,1.53,SPY Nov 14 '23 $437 Call
11/6/2023,Sold Short,OPTN,SPY Nov 14 '23 $437 Call,-3,685.45,2.29,1.54,SPY Nov 14 '23 $437 Call
11/6/2023,Bought To Cover,OPTN,SPY Nov 13 '23 $440 Call,3,-265.53,0.88,1.53,SPY Nov 13 '23 $440 Call
11/3/2023,Bought To Cover,OPTN,SPY Nov 10 '23 $434 Call,3,-1126.53,3.75,1.53,SPY Nov 10 '23 $434 Call
11/3/2023,Sold Short,OPTN,SPY Nov 13 '23 $440 Call,-3,394.45,1.32,1.54,SPY Nov 13 '23 $440 Call
11/2/2023,Bought To Cover,OPTN,SPY Nov 03 '23 $424 Call,3,-1903.53,6.34,1.53,SPY Nov 03 '23 $424 Call
11/2/2023,Sold Short,OPTN,SPY Nov 10 '23 $434 Call,-3,580.45,1.94,1.54,SPY Nov 10 '23 $434 Call
11/1/2023,Bought To Cover,OPTN,SPY Nov 03 '23 $422 Call,3,-619.53,2.06,1.53,SPY Nov 03 '23 $422 Call
11/1/2023,Sold Short,OPTN,SPY Nov 03 '23 $424 Call,-3,379.45,1.27,1.54,SPY Nov 03 '23 $424 Call
10/31/2023,Interest,MMF,CBP,0,0.1,0,0,CASH BALANCE PROGRAM (Period 10/01-10/31)
10/31/2023,Bought To Cover,OPTN,SPY Nov 03 '23 $419 Call,3,-892.53,2.97,1.53,SPY Nov 03 '23 $419 Call
10/31/2023,Sold Short,OPTN,SPY Nov 03 '23 $422 Call,-3,484.45,1.62,1.54,SPY Nov 03 '23 $422 Call
10/30/2023,Bought To Cover,OPTN,SPY Nov 01 '23 $417 Call,3,-685.53,2.28,1.53,SPY Nov 01 '23 $417 Call
10/30/2023,Sold Short,OPTN,SPY Nov 03 '23 $419 Call,-3,730.45,2.44,1.54,SPY Nov 03 '23 $419 Call
10/26/2023,Sold Short,OPTN,SPY Nov 01 '23 $417 Call,-3,715.45,2.39,1.54,SPY Nov 01 '23 $417 Call
10/26/2023,Bought To Cover,OPTN,SPY Nov 01 '23 $422 Call,3,-292.53,0.97,1.53,SPY Nov 01 '23 $422 Call
10/25/2023,Bought To Cover,OPTN,SPY Nov 02 '23 $427 Call,3,-451.53,1.5,1.53,SPY Nov 02 '23 $427 Call
10/25/2023,Sold Short,OPTN,SPY Nov 01 '23 $422 Call,-3,859.45,2.87,1.54,SPY Nov 01 '23 $422 Call
10/24/2023,Sold Short,OPTN,SPY Nov 02 '23 $427 Call,-3,1006.45,3.36,1.54,SPY Nov 02 '23 $427 Call
10/24/2023,Bought To Cover,OPTN,SPY Nov 01 '23 $425 Call,3,-1186.53,3.95,1.53,SPY Nov 01 '23 $425 Call
10/23/2023,Sold Short,OPTN,SPY Nov 01 '23 $425 Call,-3,922.45,3.08,1.54,SPY Nov 01 '23 $425 Call
10/23/2023,Bought To Cover,OPTN,SPY Nov 01 '23 $427 Call,3,-691.53,2.3,1.53,SPY Nov 01 '23 $427 Call
10/23/2023,Sold Short,OPTN,SPY Nov 01 '23 $427 Call,-3,1042.45,3.48,1.54,SPY Nov 01 '23 $427 Call
10/23/2023,Bought To Cover,OPTN,SPY Oct 30 '23 $425 Call,3,-1093.53,3.64,1.53,SPY Oct 30 '23 $425 Call
10/20/2023,Bought To Cover,OPTN,SPY Oct 23 '23 $429 Call,3,-139.53,0.46,1.53,SPY Oct 23 '23 $429 Call
10/20/2023,Sold Short,OPTN,SPY Oct 30 '23 $425 Call,-3,1252.44,4.18,1.55,SPY Oct 30 '23 $425 Call
10/19/2023,Bought To Cover,OPTN,SPY Oct 23 '23 $431 Call,3,-316.53,1.05,1.53,SPY Oct 23 '23 $431 Call
10/19/2023,Sold Short,OPTN,SPY Oct 23 '23 $429 Call,-3,514.45,1.72,1.54,SPY Oct 23 '23 $429 Call
10/19/2023,Bought To Cover,OPTN,SPY Oct 23 '23 $433 Call,3,-403.53,1.34,1.53,SPY Oct 23 '23 $433 Call
10/19/2023,Sold Short,OPTN,SPY Oct 23 '23 $431 Call,-3,637.45,2.13,1.54,SPY Oct 23 '23 $431 Call
10/18/2023,Bought To Cover,OPTN,SPY Oct 23 '23 $435 Call,3,-412.53,1.37,1.53,SPY Oct 23 '23 $435 Call
10/18/2023,Sold Short,OPTN,SPY Oct 23 '23 $433 Call,-3,631.45,2.11,1.54,SPY Oct 23 '23 $433 Call
10/18/2023,Bought To Cover,OPTN,SPY Oct 23 '23 $436 Call,3,-616.53,2.05,1.53,SPY Oct 23 '23 $436 Call
10/18/2023,Sold Short,OPTN,SPY Oct 23 '23 $435 Call,-3,748.45,2.5,1.54,SPY Oct 23 '23 $435 Call
10/18/2023,Sold Short,OPTN,SPY Oct 23 '23 $436 Call,-3,604.45,2.02,1.54,SPY Oct 23 '23 $436 Call
10/18/2023,Bought To Cover,OPTN,SPY Oct 23 '23 $438 Call,3,-388.53,1.29,1.53,SPY Oct 23 '23 $438 Call
10/16/2023,Bought To Cover,OPTN,SPY Oct 20 '23 $435 Call,3,-1261.53,4.2,1.53,SPY Oct 20 '23 $435 Call
10/16/2023,Sold Short,OPTN,SPY Oct 23 '23 $438 Call,-3,847.45,2.83,1.54,SPY Oct 23 '23 $438 Call
10/12/2023,Sold Short,OPTN,SPY Oct 20 '23 $435 Call,-3,898.45,3,1.54,SPY Oct 20 '23 $435 Call
10/12/2023,Bought To Cover,OPTN,SPY Oct 18 '23 $438 Call,3,-331.53,1.1,1.53,SPY Oct 18 '23 $438 Call
10/10/2023,Bought To Cover,OPTN,SPY Oct 13 '23 $434 Call,3,-1129.53,3.76,1.53,SPY Oct 13 '23 $434 Call
10/10/2023,Sold Short,OPTN,SPY Oct 18 '23 $438 Call,-3,793.45,2.65,1.54,SPY Oct 18 '23 $438 Call
10/9/2023,Sold Short,OPTN,SPY Oct 13 '23 $434 Call,-3,751.45,2.51,1.54,SPY Oct 13 '23 $434 Call
10/9/2023,Bought To Cover,OPTN,SPY Oct 13 '23 $429 Call,3,-1636.53,5.45,1.53,SPY Oct 13 '23 $429 Call
10/9/2023,Sold Short,OPTN,SPY Oct 13 '23 $429 Call,-3,865.45,2.89,1.54,SPY Oct 13 '23 $429 Call
10/9/2023,Bought To Cover,OPTN,SPY Oct 09 '23 $429 Call,3,-124.53,0.41,1.53,SPY Oct 09 '23 $429 Call
10/6/2023,Sold Short,OPTN,SPY Oct 09 '23 $429 Call,-3,493.45,1.65,1.54,SPY Oct 09 '23 $429 Call
10/6/2023,Bought To Cover,OPTN,SPY Oct 09 '23 $427 Call,3,-832.53,2.77,1.53,SPY Oct 09 '23 $427 Call
10/4/2023,Sold Short,OPTN,SPY Oct 09 '23 $427 Call,-3,637.45,2.13,1.54,SPY Oct 09 '23 $427 Call
10/4/2023,Bought To Cover,OPTN,SPY Oct 09 '23 $425 Call,3,-949.53,3.16,1.53,SPY Oct 09 '23 $425 Call
10/3/2023,Bought To Cover,OPTN,SPY Oct 06 '23 $433 Call,3,-70.53,0.23,1.53,SPY Oct 06 '23 $433 Call
10/3/2023,Sold Short,OPTN,SPY Oct 09 '23 $425 Call,-3,682.45,2.28,1.54,SPY Oct 09 '23 $425 Call
9/29/2023,Interest,MMF,CBP,0,0.11,0,0,CASH BALANCE PROGRAM (Period 09/05-09/30)
9/29/2023,Bought To Cover,OPTN,SPY Sep 29 '23 $430 Call,1,-67.51,0.67,0.51,SPY Sep 29 '23 $430 Call
9/29/2023,Sold Short,OPTN,SPY Oct 06 '23 $433 Call,-1,191.48,1.92,0.52,SPY Oct 06 '23 $433 Call
9/29/2023,Bought To Cover,OPTN,SPY Sep 29 '23 $430 Call,1,-68.51,0.68,0.51,SPY Sep 29 '23 $430 Call
9/29/2023,Bought To Cover,OPTN,SPY Sep 29 '23 $430 Call,1,-67.51,0.67,0.51,SPY Sep 29 '23 $430 Call
9/29/2023,Sold Short,OPTN,SPY Oct 06 '23 $433 Call,-1,191.48,1.92,0.52,SPY Oct 06 '23 $433 Call
9/29/2023,Sold Short,OPTN,SPY Oct 06 '23 $433 Call,-1,192.48,1.93,0.52,SPY Oct 06 '23 $433 Call
9/26/2023,Bought To Cover,OPTN,SPY Sep 29 '23 $432 Call,3,-376.53,1.25,1.53,SPY Sep 29 '23 $432 Call
9/26/2023,Sold Short,OPTN,SPY Sep 29 '23 $430 Call,-3,601.45,2.01,1.54,SPY Sep 29 '23 $430 Call
9/26/2023,Bought To Cover,OPTN,SPY Sep 27 '23 $433 Call,3,-202.53,0.67,1.53,SPY Sep 27 '23 $433 Call
9/26/2023,Sold Short,OPTN,SPY Sep 29 '23 $432 Call,-3,619.45,2.07,1.54,SPY Sep 29 '23 $432 Call
9/25/2023,Bought To Open,OPTN,SPY Sep 20 '24 $400 Call,1,-6271.51,62.71,0.51,SPY Sep 20 '24 $400 Call
9/25/2023,Sold Short,OPTN,SPY Sep 27 '23 $433 Call,-1,148.48,1.49,0.52,SPY Sep 27 '23 $433 Call
9/22/2023,Bought To Cover,OPTN,SPY Sep 26 '23 $436 Call,2,-85.02,0.42,1.02,SPY Sep 26 '23 $436 Call
9/22/2023,Sold Short,OPTN,SPY Sep 27 '23 $433 Call,-2,328.97,1.65,1.03,SPY Sep 27 '23 $433 Call
9/21/2023,Bought To Cover,OPTN,SPY Sep 25 '23 $440 Call,1,-34.51,0.34,0.51,SPY Sep 25 '23 $440 Call
9/21/2023,Sold Short,OPTN,SPY Sep 26 '23 $436 Call,-1,171.48,1.72,0.52,SPY Sep 26 '23 $436 Call
9/21/2023,Bought To Cover,OPTN,SPY Sep 25 '23 $440 Call,1,-34.51,0.34,0.51,SPY Sep 25 '23 $440 Call
9/21/2023,Sold Short,OPTN,SPY Sep 26 '23 $436 Call,-1,171.48,1.72,0.52,SPY Sep 26 '23 $436 Call
9/20/2023,Sold Short,OPTN,SPY Sep 25 '23 $440 Call,-2,340.97,1.71,1.03,SPY Sep 25 '23 $440 Call
9/20/2023,Bought To Cover,OPTN,SPY Sep 22 '23 $445 Call,2,-39.02,0.19,1.02,SPY Sep 22 '23 $445 Call
9/19/2023,Bought To Cover,OPTN,SPY Sep 22 '23 $447.50 Call,2,-109.02,0.54,1.02,SPY Sep 22 '23 $447.50 Call
9/19/2023,Sold Short,OPTN,SPY Sep 22 '23 $445 Call,-2,248.97,1.25,1.03,SPY Sep 22 '23 $445 Call
9/15/2023,Bought To Cover,OPTN,SPY Sep 22 '23 $450 Call,1,-88.51,0.88,0.51,SPY Sep 22 '23 $450 Call
9/15/2023,Bought To Cover,OPTN,SPY Sep 22 '23 $450 Call,1,-88.51,0.88,0.51,SPY Sep 22 '23 $450 Call
9/15/2023,Sold Short,OPTN,SPY Sep 22 '23 $447.50 Call,-1,164.48,1.65,0.52,SPY Sep 22 '23 $447.50 Call
9/15/2023,Sold Short,OPTN,SPY Sep 22 '23 $447.50 Call,-1,164.48,1.65,0.52,SPY Sep 22 '23 $447.50 Call
9/13/2023,Bought To Cover,OPTN,SPY Sep 15 '23 $450 Call,2,-91.02,0.45,1.02,SPY Sep 15 '23 $450 Call
9/13/2023,Sold Short,OPTN,SPY Sep 22 '23 $450 Call,-2,320.97,1.61,1.03,SPY Sep 22 '23 $450 Call
9/11/2023,Sold Short,OPTN,SPY Sep 15 '23 $450 Call,-2,262.97,1.32,1.03,SPY Sep 15 '23 $450 Call
9/11/2023,Bought To Cover,OPTN,SPY Sep 15 '23 $449 Call,2,-353.02,1.76,1.02,SPY Sep 15 '23 $449 Call
9/6/2023,Sold Short,OPTN,SPY Sep 15 '23 $449 Call,-2,360.97,1.81,1.03,SPY Sep 15 '23 $449 Call
9/6/2023,Bought To Cover,OPTN,SPY Sep 15 '23 $455 Call,2,-77.02,0.38,1.02,SPY Sep 15 '23 $455 Call
9/5/2023,Sold Short,OPTN,SPY Sep 15 '23 $455 Call,-2,302.97,1.52,1.03,SPY Sep 15 '23 $455 Call
9/5/2023,Bought To Cover,OPTN,SPY Sep 05 '23 $450 Call,2,-177.02,0.88,1.02,SPY Sep 05 '23 $450 Call
9/1/2023,Interest,BOND,00099A109,0,0.04,0,0,INTEREST ON CASH BALANCE      AT  0.009% 08/26 THRU 08/31   APY  0.0099%
8/30/2023,Sold Short,OPTN,SPY Sep 05 '23 $450 Call,-1,288.48,2.89,0.5,SPY Sep 05 '23 $450 Call
8/30/2023,Bought To Open,OPTN,SPY Sep 20 '24 $400 Call,1,-7897.51,78.97,0.5,SPY Sep 20 '24 $400 Call
8/30/2023,Sold Short,OPTN,SPY Sep 05 '23 $450 Call,-1,287.48,2.88,0.5,SPY Sep 05 '23 $450 Call
8/30/2023,Bought To Cover,OPTN,SPY Sep 01 '23 $445 Call,1,-636.51,6.36,0.5,SPY Sep 01 '23 $445 Call
8/29/2023,Journal,UNKNOWN, ,0,0.03,0,0,TRANSFER BAL TO MARGIN
8/29/2023,Journal,UNKNOWN, ,0,-0.03,0,0,TRANSFER BAL FROM CASH
8/28/2023,Interest,BOND,00099A109,0,0.03,0,0,INTEREST ON CASH BALANCE      AT  0.009% 07/26 THRU 08/25   APY  0.0099%
8/25/2023,Transfer,UNKNOWN, ,0,20000,0,0,ACH DEPOSIT                   REFID:87542241906;
8/24/2023,Bought To Cover,OPTN,SPY Aug 28 '23 $440 Call,1,-475.51,4.75,0.5,SPY Aug 28 '23 $440 Call
8/24/2023,Sold Short,OPTN,SPY Sep 01 '23 $445 Call,-1,319.48,3.2,0.5,SPY Sep 01 '23 $445 Call
8/18/2023,Sold Short,OPTN,SPY Aug 28 '23 $440 Call,-1,262.48,2.63,0.5,SPY Aug 28 '23 $440 Call
8/18/2023,Bought To Cover,OPTN,SPY Aug 25 '23 $445 Call,1,-78.51,0.78,0.5,SPY Aug 25 '23 $445 Call
8/16/2023,Bought To Cover,OPTN,SPY Aug 18 '23 $450 Call,1,-15.51,0.15,0.5,SPY Aug 18 '23 $450 Call
8/16/2023,Sold Short,OPTN,SPY Aug 25 '23 $445 Call,-1,303.48,3.04,0.5,SPY Aug 25 '23 $445 Call
8/8/2023,Bought To Cover,OPTN,SPY Aug 11 '23 $453 Call,1,-49.51,0.49,0.5,SPY Aug 11 '23 $453 Call
8/8/2023,Sold Short,OPTN,SPY Aug 18 '23 $450 Call,-1,275.48,2.76,0.5,SPY Aug 18 '23 $450 Call
8/2/2023,Sold Short,OPTN,SPY Aug 11 '23 $453 Call,-1,357.48,3.58,0.5,SPY Aug 11 '23 $453 Call
8/2/2023,Bought To Cover,OPTN,SPY Aug 04 '23 $458 Call,1,-36.51,0.36,0.5,SPY Aug 04 '23 $458 Call
7/28/2023,Bought To Cover,OPTN,SPY Aug 04 '23 $454 Call,1,-519.51,5.19,0.5,SPY Aug 04 '23 $454 Call
7/28/2023,Sold Short,OPTN,SPY Aug 04 '23 $458 Call,-1,258.48,2.59,0.5,SPY Aug 04 '23 $458 Call
7/27/2023,Sold Short,OPTN,SPY Aug 04 '23 $454 Call,-1,269.48,2.7,0.5,SPY Aug 04 '23 $454 Call
7/27/2023,Bought To Cover,OPTN,SPY Jul 28 '23 $458 Call,1,-15.51,0.15,0.5,SPY Jul 28 '23 $458 Call
7/27/2023,Bought To Cover,OPTN,SPY Jul 28 '23 $456 Call,1,-256.51,2.56,0.5,SPY Jul 28 '23 $456 Call
7/27/2023,Sold Short,OPTN,SPY Jul 28 '23 $458 Call,-1,128.48,1.29,0.5,SPY Jul 28 '23 $458 Call
7/27/2023,Journal,UNKNOWN, ,0,0.02,0,0,TRANSFER BAL TO MARGIN
7/27/2023,Journal,UNKNOWN, ,0,-0.02,0,0,TRANSFER BAL FROM CASH
7/26/2023,Interest,BOND,00099A109,0,0.02,0,0,INTEREST ON CASH BALANCE      AT  0.009% 06/26 THRU 07/25   APY  0.0099%
7/19/2023,Bought To Cover,OPTN,SPY Aug 01 '23 $454 Call,1,-551.51,5.51,0.5,SPY Aug 01 '23 $454 Call
7/19/2023,Sold Short,OPTN,SPY Jul 28 '23 $456 Call,-1,381.48,3.82,0.5,SPY Jul 28 '23 $456 Call
7/18/2023,Sold Short,OPTN,SPY Aug 01 '23 $454 Call,-1,384.48,3.85,0.5,SPY Aug 01 '23 $454 Call
7/18/2023,Bought To Cover,OPTN,SPY Jul 28 '23 $451 Call,1,-515.51,5.15,0.5,SPY Jul 28 '23 $451 Call
7/17/2023,Bought To Cover,OPTN,SPY Jul 21 '23 $448 Call,1,-422.51,4.22,0.5,SPY Jul 21 '23 $448 Call
7/17/2023,Sold Short,OPTN,SPY Jul 28 '23 $451 Call,-1,402.48,4.03,0.5,SPY Jul 28 '23 $451 Call
7/12/2023,Bought To Cover,OPTN,SPY Jul 14 '23 $440 Call,1,-673.51,6.73,0.5,SPY Jul 14 '23 $440 Call
7/12/2023,Sold Short,OPTN,SPY Jul 21 '23 $448 Call,-1,243.48,2.44,0.5,SPY Jul 21 '23 $448 Call
7/6/2023,Sold Short,OPTN,SPY Jul 14 '23 $440 Call,-1,255.48,2.56,0.5,SPY Jul 14 '23 $440 Call
7/6/2023,Bought To Cover,OPTN,SPY Jul 14 '23 $445 Call,1,-83.51,0.83,0.5,SPY Jul 14 '23 $445 Call
7/5/2023,Sold Short,OPTN,SPY Jul 14 '23 $445 Call,-1,255.48,2.56,0.5,SPY Jul 14 '23 $445 Call
7/5/2023,Bought To Cover,OPTN,SPY Jul 05 '23 $440 Call,1,-342.51,3.42,0.5,SPY Jul 05 '23 $440 Call
6/27/2023,Sold Short,OPTN,SPY Jul 05 '23 $440 Call,-1,108.48,1.09,0.5,SPY Jul 05 '23 $440 Call
6/27/2023,Bought To Cover,OPTN,SPY Jul 05 '23 $437 Call,1,-228.51,2.28,0.5,SPY Jul 05 '23 $437 Call
6/27/2023,Journal,UNKNOWN, ,0,0.03,0,0,TRANSFER BAL TO MARGIN
6/27/2023,Journal,UNKNOWN, ,0,-0.03,0,0,TRANSFER BAL FROM CASH
6/26/2023,Interest,BOND,00099A109,0,0.03,0,0,INTEREST ON CASH BALANCE      AT  0.009% 05/26 THRU 06/25   APY  0.0099%
6/23/2023,Bought To Cover,OPTN,SPY Jun 28 '23 $437 Call,1,-91.51,0.91,0.5,SPY Jun 28 '23 $437 Call
6/23/2023,Sold Short,OPTN,SPY Jul 05 '23 $437 Call,-1,193.48,1.94,0.5,SPY Jul 05 '23 $437 Call
6/21/2023,Bought To Cover,OPTN,SPY Jun 27 '23 $440 Call,1,-79.51,0.79,0.5,SPY Jun 27 '23 $440 Call
6/21/2023,Sold Short,OPTN,SPY Jun 28 '23 $437 Call,-1,197.48,1.98,0.5,SPY Jun 28 '23 $437 Call
6/13/2023,Bought To Open,OPTN,SPY Sep 20 '24 $400 Call,1,-7048.51,70.48,0.5,SPY Sep 20 '24 $400 Call
6/13/2023,Sold To Close,OPTN,SPY Jun 21 '24 $380 Call,-1,8087.42,80.88,0.5,SPY Jun 21 '24 $380 Call
6/13/2023,Bought To Cover,OPTN,SPY Jun 15 '23 $432 Call,1,-591.51,5.91,0.5,SPY Jun 15 '23 $432 Call
6/13/2023,Sold Short,OPTN,SPY Jun 27 '23 $440 Call,-1,230.48,2.31,0.5,SPY Jun 27 '23 $440 Call
6/12/2023,Bought To Cover,OPTN,SPY Jun 14 '23 $427 Call,1,-539.51,5.39,0.5,SPY Jun 14 '23 $427 Call
6/12/2023,Sold Short,OPTN,SPY Jun 15 '23 $432 Call,-1,253.48,2.54,0.5,SPY Jun 15 '23 $432 Call
6/7/2023,Bought To Cover,OPTN,SPY Jun 09 '23 $428 Call,1,-97.51,0.97,0.5,SPY Jun 09 '23 $428 Call
6/7/2023,Sold Short,OPTN,SPY Jun 14 '23 $427 Call,-1,276.48,2.77,0.5,SPY Jun 14 '23 $427 Call
6/5/2023,Sold Short,OPTN,SPY Jun 09 '23 $428 Call,-1,188.48,1.89,0.5,SPY Jun 09 '23 $428 Call
6/5/2023,Bought To Cover,OPTN,SPY Jun 06 '23 $419 Call,1,-819.51,8.19,0.5,SPY Jun 06 '23 $419 Call
5/30/2023,Journal,UNKNOWN, ,0,0.02,0,0,TRANSFER BAL TO MARGIN
5/30/2023,Journal,UNKNOWN, ,0,-0.02,0,0,TRANSFER BAL FROM CASH
5/26/2023,Sold Short,OPTN,SPY Jun 06 '23 $419 Call,-1,419.48,4.2,0.5,SPY Jun 06 '23 $419 Call
5/26/2023,Bought To Cover,OPTN,SPY May 31 '23 $414 Call,1,-604.51,6.04,0.5,SPY May 31 '23 $414 Call
5/26/2023,Interest,BOND,00099A109,0,0.02,0,0,INTEREST ON CASH BALANCE      AT  0.009% 04/26 THRU 05/25   APY  0.0099%
5/24/2023,Sold Short,OPTN,SPY May 31 '23 $414 Call,-1,202.48,2.03,0.5,SPY May 31 '23 $414 Call
5/24/2023,Bought To Cover,OPTN,SPY May 26 '23 $416 Call,1,-54.51,0.54,0.5,SPY May 26 '23 $416 Call
5/23/2023,Bought To Cover,OPTN,SPY May 26 '23 $420 Call,1,-46.51,0.46,0.5,SPY May 26 '23 $420 Call
5/23/2023,Sold Short,OPTN,SPY May 26 '23 $416 Call,-1,166.48,1.67,0.5,SPY May 26 '23 $416 Call
5/22/2023,Sold To Close,OPTN,SPY Mar 15 '24 $360 Call,-1,7837.42,78.38,0.5,SPY Mar 15 '24 $360 Call
5/22/2023,Bought To Open,OPTN,SPY Jun 21 '24 $380 Call,1,-6813.51,68.13,0.5,SPY Jun 21 '24 $380 Call
5/22/2023,Bought To Cover,OPTN,SPY May 25 '23 $415 Call,1,-528.51,5.28,0.5,SPY May 25 '23 $415 Call
5/22/2023,Sold Short,OPTN,SPY May 26 '23 $420 Call,-1,226.48,2.27,0.5,SPY May 26 '23 $420 Call
5/22/2023,Option Expiration,OPTN,UCO May 19 '23 $26 Call,-3,0,0,0,UCO May 19 '23 $26 Call
5/17/2023,Sold Short,OPTN,SPY May 25 '23 $415 Call,-1,359.48,3.6,0.5,SPY May 25 '23 $415 Call
5/17/2023,Bought To Cover,OPTN,SPY May 24 '23 $413 Call,1,-458.51,4.58,0.5,SPY May 24 '23 $413 Call
5/16/2023,Bought To Cover,OPTN,SPY May 18 '23 $413 Call,1,-98.51,0.98,0.5,SPY May 18 '23 $413 Call
5/16/2023,Sold Short,OPTN,SPY May 24 '23 $413 Call,-1,244.48,2.45,0.5,SPY May 24 '23 $413 Call
5/12/2023,Bought To Cover,OPTN,SPY May 17 '23 $415 Call,1,-55.51,0.55,0.5,SPY May 17 '23 $415 Call
5/12/2023,Sold Short,OPTN,SPY May 18 '23 $413 Call,-1,146.48,1.47,0.5,SPY May 18 '23 $413 Call
5/10/2023,Bought To Cover,OPTN,SPY May 11 '23 $412 Call,1,-174.51,1.74,0.5,SPY May 11 '23 $412 Call
5/10/2023,Sold Short,OPTN,SPY May 17 '23 $415 Call,-1,179.48,1.8,0.5,SPY May 17 '23 $415 Call
5/5/2023,Bought To Cover,OPTN,SPY May 10 '23 $409 Call,1,-494.51,4.94,0.5,SPY May 10 '23 $409 Call
5/5/2023,Sold Short,OPTN,SPY May 11 '23 $412 Call,-1,332.48,3.33,0.5,SPY May 11 '23 $412 Call
5/4/2023,Bought To Cover,OPTN,SPY May 05 '23 $415 Call,1,-5.01,0.05,0,SPY May 05 '23 $415 Call
5/4/2023,Sold Short,OPTN,SPY May 10 '23 $409 Call,-1,217.48,2.18,0.5,SPY May 10 '23 $409 Call
4/27/2023,Sold Short,OPTN,SPY May 05 '23 $415 Call,-1,168.48,1.69,0.5,SPY May 05 '23 $415 Call
4/27/2023,Bought To Cover,OPTN,SPY May 02 '23 $412 Call,1,-128.51,1.28,0.5,SPY May 02 '23 $412 Call
4/27/2023,Sold To Close,OPTN,UCO May 19 '23 $26 Call,-7,1004.4,1.44,3.5,UCO May 19 '23 $26 Call
4/27/2023,Bought To Open,OPTN,UCO May 19 '23 $26 Call,10,-1555.1,1.55,5,UCO May 19 '23 $26 Call
4/27/2023,Sold To Close,OPTN,UCO Apr 28 '23 $26 Call,-10,244.87,0.25,5,UCO Apr 28 '23 $26 Call
4/27/2023,Bought To Open,OPTN,UCO Apr 28 '23 $26 Call,10,-275.1,0.27,5,UCO Apr 28 '23 $26 Call
4/27/2023,Journal,UNKNOWN, ,0,0.03,0,0,TRANSFER BAL TO MARGIN
4/27/2023,Journal,UNKNOWN, ,0,-0.03,0,0,TRANSFER BAL FROM CASH
4/26/2023,Interest,BOND,00099A109,0,0.03,0,0,INTEREST ON CASH BALANCE      AT  0.009% 03/26 THRU 04/25   APY  0.0099%
4/25/2023,Bought To Cover,OPTN,SPY Apr 28 '23 $415 Call,1,-50.51,0.5,0.5,SPY Apr 28 '23 $415 Call
4/25/2023,Sold Short,OPTN,SPY May 02 '23 $412 Call,-1,197.48,1.98,0.5,SPY May 02 '23 $412 Call
4/19/2023,Bought To Cover,OPTN,SPY Apr 21 '23 $413 Call,1,-208.51,2.08,0.5,SPY Apr 21 '23 $413 Call
4/19/2023,Sold Short,OPTN,SPY Apr 28 '23 $415 Call,-1,281.48,2.82,0.5,SPY Apr 28 '23 $415 Call
4/19/2023,Transfer,UNKNOWN, ,0,-300,0,0,ACH WITHDRAWL                 REFID:77960537906;
4/19/2023,Transfer,UNKNOWN, ,0,-300,0,0,ACH WITHDRAWL                 REFID:78009860906;
4/19/2023,Transfer,UNKNOWN, ,0,-300,0,0,ACH WITHDRAWL                 REFID:78009745906;
4/17/2023,Sold Short,OPTN,SPY Apr 21 '23 $413 Call,-1,189.48,1.9,0.5,SPY Apr 21 '23 $413 Call
4/17/2023,Bought To Cover,OPTN,SPY Apr 19 '23 $410 Call,1,-279.51,2.79,0.5,SPY Apr 19 '23 $410 Call
4/13/2023,Transfer,UNKNOWN, ,0,-300,0,0,ACH WITHDRAWL                 REFID:77516463906;
4/12/2023,Bought To Cover,OPTN,SPY Apr 14 '23 $411 Call,1,-90.51,0.9,0.5,SPY Apr 14 '23 $411 Call
4/12/2023,Sold Short,OPTN,SPY Apr 19 '23 $410 Call,-1,236.48,2.37,0.5,SPY Apr 19 '23 $410 Call
4/10/2023,Bought To Cover,OPTN,SPY Apr 11 '23 $410 Call,1,-91.51,0.91,0.5,SPY Apr 11 '23 $410 Call
4/10/2023,Sold Short,OPTN,SPY Apr 14 '23 $411 Call,-1,226.48,2.27,0.5,SPY Apr 14 '23 $411 Call
4/5/2023,Bought To Cover,OPTN,SPY Apr 11 '23 $412 Call,1,-98.51,0.98,0.5,SPY Apr 11 '23 $412 Call
4/5/2023,Sold Short,OPTN,SPY Apr 11 '23 $410 Call,-1,161.48,1.62,0.5,SPY Apr 11 '23 $410 Call
4/3/2023,Bought To Cover,OPTN,SPY Apr 06 '23 $410 Call,1,-311.51,3.11,0.5,SPY Apr 06 '23 $410 Call
4/3/2023,Sold Short,OPTN,SPY Apr 11 '23 $412 Call,-1,322.48,3.23,0.5,SPY Apr 11 '23 $412 Call
4/3/2023,Transfer,UNKNOWN, ,0,400,0,0,ACH DEPOSIT                   REFID:76735463906;
3/31/2023,Bought To Cover,OPTN,SPY Apr 05 '23 $401 Call,1,-742.51,7.42,0.5,SPY Apr 05 '23 $401 Call
3/31/2023,Sold Short,OPTN,SPY Apr 06 '23 $410 Call,-1,191.48,1.92,0.5,SPY Apr 06 '23 $410 Call
3/29/2023,Bought To Cover,OPTN,SPY Mar 31 '23 $396 Call,1,-505.51,5.05,0.5,SPY Mar 31 '23 $396 Call
3/29/2023,Sold Short,OPTN,SPY Apr 05 '23 $401 Call,-1,325.48,3.26,0.5,SPY Apr 05 '23 $401 Call
3/29/2023,Sold To Close,OPTN,UCO Apr 06 '23 $25 Call,-2,274.97,1.38,1,UCO Apr 06 '23 $25 Call
3/28/2023,Sold To Close,OPTN,UCO Mar 31 '23 $24 Call,-2,342.97,1.72,1,UCO Mar 31 '23 $24 Call
3/28/2023,Bought To Open,OPTN,UCO Apr 06 '23 $25 Call,2,-295.02,1.47,1,UCO Apr 06 '23 $25 Call
3/28/2023,Journal,UNKNOWN, ,0,0.03,0,0,TRANSFER BAL TO MARGIN
3/28/2023,Journal,UNKNOWN, ,0,-0.03,0,0,TRANSFER BAL FROM CASH
3/27/2023,Interest,BOND,00099A109,0,0.03,0,0,INTEREST ON CASH BALANCE      AT  0.009% 02/26 THRU 03/25   APY  0.0099%
3/24/2023,Bought To Open,OPTN,UCO Mar 31 '23 $24 Call,1,-46.51,0.46,0.5,UCO Mar 31 '23 $24 Call
3/24/2023,Bought To Open,OPTN,UCO Mar 31 '23 $24 Call,1,-45.51,0.45,0.5,UCO Mar 31 '23 $24 Call
3/23/2023,Bought To Cover,OPTN,SPY Mar 28 '23 $396 Call,1,-207.51,2.07,0.5,SPY Mar 28 '23 $396 Call
3/23/2023,Sold Short,OPTN,SPY Mar 31 '23 $396 Call,-1,324.48,3.25,0.5,SPY Mar 31 '23 $396 Call
3/21/2023,Bought To Cover,OPTN,SPY Mar 27 '23 $394 Call,1,-722.51,7.22,0.5,SPY Mar 27 '23 $394 Call
3/21/2023,Sold Short,OPTN,SPY Mar 28 '23 $396 Call,-1,618.48,6.19,0.5,SPY Mar 28 '23 $396 Call
3/21/2023,Transfer,UNKNOWN, ,0,-200,0,0,ACH WITHDRAWL                 REFID:75835411906;
3/20/2023,Bought To Cover,OPTN,SPY Mar 24 '23 $390 Call,1,-750.51,7.5,0.5,SPY Mar 24 '23 $390 Call
3/20/2023,Sold Short,OPTN,SPY Mar 27 '23 $394 Call,-1,544.48,5.45,0.5,SPY Mar 27 '23 $394 Call
3/20/2023,Transfer,UNKNOWN, ,0,-200,0,0,ACH WITHDRAWL                 REFID:75679131906;
3/13/2023,Bought To Cover,OPTN,SPY Mar 20 '23 $390 Call,1,-372.51,3.72,0.5,SPY Mar 20 '23 $390 Call
3/13/2023,Sold Short,OPTN,SPY Mar 24 '23 $390 Call,-1,526.48,5.27,0.5,SPY Mar 24 '23 $390 Call
3/10/2023,Bought To Cover,OPTN,SPY Mar 17 '23 $396 Call,1,-213.51,2.13,0.5,SPY Mar 17 '23 $396 Call
3/10/2023,Sold Short,OPTN,SPY Mar 20 '23 $390 Call,-1,470.48,4.71,0.5,SPY Mar 20 '23 $390 Call
3/9/2023,Sold Short,OPTN,SPY Mar 17 '23 $396 Call,-1,431.48,4.32,0.5,SPY Mar 17 '23 $396 Call
3/9/2023,Bought To Cover,OPTN,SPY Mar 17 '23 $400 Call,1,-266.51,2.66,0.5,SPY Mar 17 '23 $400 Call
3/8/2023,Bought To Cover,OPTN,SPY Mar 17 '23 $406 Call,1,-162.51,1.62,0.5,SPY Mar 17 '23 $406 Call
3/8/2023,Sold Short,OPTN,SPY Mar 17 '23 $400 Call,-1,378.48,3.79,0.5,SPY Mar 17 '23 $400 Call
3/6/2023,Bought To Cover,OPTN,SPY Mar 15 '23 $405 Call,1,-613.51,6.13,0.5,SPY Mar 15 '23 $405 Call
3/6/2023,Sold Short,OPTN,SPY Mar 17 '23 $406 Call,-1,578.48,5.79,0.5,SPY Mar 17 '23 $406 Call
3/3/2023,Sold To Close,OPTN,SPY Jan 19 '24 $350 Call,-1,7360.43,73.61,0.5,SPY Jan 19 '24 $350 Call
3/3/2023,Bought To Open,OPTN,SPY Mar 15 '24 $360 Call,1,-7061.51,70.61,0.5,SPY Mar 15 '24 $360 Call
3/3/2023,Bought To Cover,OPTN,SPY Mar 10 '23 $400 Call,1,-637.51,6.37,0.5,SPY Mar 10 '23 $400 Call
3/3/2023,Sold Short,OPTN,SPY Mar 15 '23 $405 Call,-1,481.48,4.82,0.5,SPY Mar 15 '23 $405 Call
3/1/2023,Sold Short,OPTN,SPY Mar 10 '23 $400 Call,-1,297.48,2.98,0.5,SPY Mar 10 '23 $400 Call
3/1/2023,Bought To Cover,OPTN,SPY Mar 03 '23 $400 Call,1,-86.51,0.86,0.5,SPY Mar 03 '23 $400 Call
2/28/2023,Journal,UNKNOWN, ,0,0.06,0,0,TRANSFER BAL TO MARGIN
2/28/2023,Journal,UNKNOWN, ,0,-0.06,0,0,TRANSFER BAL FROM CASH
2/27/2023,Interest,BOND,00099A109,0,0.06,0,0,INTEREST ON CASH BALANCE      AT  0.009% 01/26 THRU 02/25   APY  0.0099%
2/23/2023,Bought To Cover,OPTN,SPY Feb 24 '23 $405 Call,1,-13.51,0.13,0.5,SPY Feb 24 '23 $405 Call
2/23/2023,Sold Short,OPTN,SPY Mar 03 '23 $400 Call,-1,316.48,3.17,0.5,SPY Mar 03 '23 $400 Call
2/22/2023,Transfer,UNKNOWN, ,0,-4000,0,0,ACH WITHDRAWL                 REFID:73716017906;
2/21/2023,Bought To Cover,OPTN,SPY Feb 24 '23 $414 Call,1,-15.51,0.15,0.5,SPY Feb 24 '23 $414 Call
2/21/2023,Sold Short,OPTN,SPY Feb 24 '23 $405 Call,-1,172.48,1.73,0.5,SPY Feb 24 '23 $405 Call
2/21/2023,Transfer,UNKNOWN, ,0,-1000,0,0,ACH WITHDRAWL                 REFID:73551579906;
2/16/2023,Sold Short,OPTN,SPY Feb 24 '23 $414 Call,-1,275.48,2.76,0.5,SPY Feb 24 '23 $414 Call
2/16/2023,Bought To Cover,OPTN,SPY Feb 16 '23 $414 Call,1,-20.51,0.2,0.5,SPY Feb 16 '23 $414 Call
2/14/2023,Bought To Cover,OPTN,SPY Feb 15 '23 $412 Call,1,-232.51,2.32,0.5,SPY Feb 15 '23 $412 Call
2/14/2023,Sold Short,OPTN,SPY Feb 16 '23 $414 Call,-1,197.48,1.98,0.5,SPY Feb 16 '23 $414 Call
2/9/2023,Bought To Cover,OPTN,SPY Feb 10 '23 $414 Call,1,-42.51,0.42,0.5,SPY Feb 10 '23 $414 Call
2/9/2023,Sold Short,OPTN,SPY Feb 15 '23 $412 Call,-1,358.48,3.59,0.5,SPY Feb 15 '23 $412 Call
2/3/2023,Sold Short,OPTN,SPY Feb 10 '23 $414 Call,-1,341.48,3.42,0.5,SPY Feb 10 '23 $414 Call
2/3/2023,Bought To Cover,OPTN,SPY Feb 03 '23 $415 Call,1,-78.51,0.78,0.5,SPY Feb 03 '23 $415 Call
2/1/2023,Bought To Cover,OPTN,SPY Feb 01 '23 $406 Call,1,-634.51,6.34,0.5,SPY Feb 01 '23 $406 Call
2/1/2023,Sold Short,OPTN,SPY Feb 03 '23 $415 Call,-1,193.48,1.94,0.5,SPY Feb 03 '23 $415 Call
1/27/2023,Bought To Cover,OPTN,SPY Jan 31 '23 $401 Call,1,-595.51,5.95,0.5,SPY Jan 31 '23 $401 Call
1/27/2023,Sold Short,OPTN,SPY Feb 01 '23 $406 Call,-1,373.48,3.74,0.5,SPY Feb 01 '23 $406 Call
1/27/2023,Journal,UNKNOWN, ,0,0.07,0,0,TRANSFER BAL TO MARGIN
1/27/2023,Journal,UNKNOWN, ,0,-0.07,0,0,TRANSFER BAL FROM CASH
1/26/2023,Sold Short,OPTN,SPY Jan 31 '23 $401 Call,-1,482.47,4.83,0.5,SPY Jan 31 '23 $401 Call
1/26/2023,Bought To Cover,OPTN,SPY Jan 27 '23 $398 Call,1,-641.51,6.41,0.5,SPY Jan 27 '23 $398 Call
1/26/2023,Interest,BOND,00099A109,0,0.07,0,0,INTEREST ON CASH BALANCE      AT  0.009% 12/26 THRU 01/25   APY  0.0099%
1/23/2023,Bought To Cover,OPTN,SPY Jan 24 '23 $392 Call,1,-1004.51,10.04,0.5,SPY Jan 24 '23 $392 Call
1/23/2023,Sold Short,OPTN,SPY Jan 27 '23 $398 Call,-1,582.47,5.83,0.5,SPY Jan 27 '23 $398 Call
1/19/2023,Bought To Cover,OPTN,SPY Jan 20 '23 $395 Call,1,-22.51,0.22,0.5,SPY Jan 20 '23 $395 Call
1/19/2023,Sold Short,OPTN,SPY Jan 24 '23 $392 Call,-1,178.48,1.79,0.5,SPY Jan 24 '23 $392 Call
1/17/2023,Sold Short,OPTN,SPY Jan 20 '23 $395 Call,-1,407.48,4.08,0.5,SPY Jan 20 '23 $395 Call
1/17/2023,Bought To Cover,OPTN,SPY Jan 18 '23 $395 Call,1,-317.51,3.17,0.5,SPY Jan 18 '23 $395 Call
1/13/2023,Bought To Cover,OPTN,SPY Jan 13 '23 $395 Call,1,-90.51,0.9,0.5,SPY Jan 13 '23 $395 Call
1/13/2023,Sold Short,OPTN,SPY Jan 18 '23 $395 Call,-1,227.48,2.28,0.5,SPY Jan 18 '23 $395 Call
1/11/2023,Sold Short,OPTN,SPY Jan 13 '23 $395 Call,-1,394.48,3.95,0.5,SPY Jan 13 '23 $395 Call
1/11/2023,Bought To Cover,OPTN,SPY Jan 11 '23 $390 Call,1,-387.51,3.87,0.5,SPY Jan 11 '23 $390 Call
1/6/2023,Bought To Cover,OPTN,SPY Jan 11 '23 $386 Call,1,-470.51,4.7,0.5,SPY Jan 11 '23 $386 Call
1/6/2023,Sold Short,OPTN,SPY Jan 11 '23 $390 Call,-1,239.48,2.4,0.5,SPY Jan 11 '23 $390 Call
1/5/2023,Sold Short,OPTN,SPY Jan 11 '23 $386 Call,-1,164.48,1.65,0.5,SPY Jan 11 '23 $386 Call
1/5/2023,Bought To Cover,OPTN,SPY Jan 06 '23 $385 Call,1,-85.51,0.85,0.5,SPY Jan 06 '23 $385 Call
1/4/2023,Sold Short,OPTN,SPY Jan 06 '23 $385 Call,-1,291.48,2.92,0.5,SPY Jan 06 '23 $385 Call
1/4/2023,Bought To Cover,OPTN,SPY Jan 06 '23 $384 Call,1,-348.51,3.48,0.5,SPY Jan 06 '23 $384 Call
1/3/2023,Transfer,UNKNOWN, ,0,500,0,0,ACH DEPOSIT                   REFID:69895898906;
12/30/2022,Bought To Cover,OPTN,SPY Jan 03 '23 $383 Call,1,-120.51,1.2,0.5,SPY Jan 03 '23 $383 Call
12/30/2022,Sold Short,OPTN,SPY Jan 06 '23 $384 Call,-1,280.48,2.81,0.5,SPY Jan 06 '23 $384 Call
12/28/2022,Bought To Cover,OPTN,SPY Dec 30 '22 $380 Call,1,-211.51,2.11,0.5,SPY Dec 30 '22 $380 Call
12/28/2022,Sold Short,OPTN,SPY Jan 03 '23 $383 Call,-1,148.48,1.49,0.5,SPY Jan 03 '23 $383 Call
12/28/2022,Journal,UNKNOWN, ,0,0.05,0,0,TRANSFER BAL TO MARGIN
12/28/2022,Journal,UNKNOWN, ,0,-0.05,0,0,TRANSFER BAL FROM CASH
12/27/2022,Interest,BOND,00099A109,0,0.05,0,0,INTEREST ON CASH BALANCE      AT  0.009% 11/26 THRU 12/25   APY  0.0099%
12/22/2022,Sold Short,OPTN,SPY Dec 30 '22 $380 Call,-1,310.48,3.11,0.5,SPY Dec 30 '22 $380 Call
12/22/2022,Bought To Cover,OPTN,SPY Dec 23 '22 $382 Call,1,-51.51,0.51,0.5,SPY Dec 23 '22 $382 Call
12/19/2022,Sold Short,OPTN,SPY Dec 23 '22 $382 Call,-1,268.48,2.69,0.5,SPY Dec 23 '22 $382 Call
12/19/2022,Bought To Cover,OPTN,SPY Dec 20 '22 $385 Call,1,-36.51,0.36,0.5,SPY Dec 20 '22 $385 Call
12/16/2022,Sold Short,OPTN,SPY Dec 20 '22 $385 Call,-1,218.48,2.19,0.5,SPY Dec 20 '22 $385 Call
12/16/2022,Bought To Cover,OPTN,SPY Dec 19 '22 $390 Call,1,-43.51,0.43,0.5,SPY Dec 19 '22 $390 Call
12/15/2022,Bought To Cover,OPTN,SPY Dec 16 '22 $403 Call,1,-16.51,0.16,0.5,SPY Dec 16 '22 $403 Call
12/15/2022,Sold Short,OPTN,SPY Dec 19 '22 $396 Call,-1,165.48,1.66,0.5,SPY Dec 19 '22 $396 Call
12/15/2022,Bought To Cover,OPTN,SPY Dec 19 '22 $396 Call,1,-59.51,0.59,0.5,SPY Dec 19 '22 $396 Call
12/15/2022,Sold Short,OPTN,SPY Dec 19 '22 $390 Call,-1,213.48,2.14,0.5,SPY Dec 19 '22 $390 Call
12/14/2022,Bought To Cover,OPTN,SPY Dec 14 '22 $401 Call,1,-313.51,3.13,0.5,SPY Dec 14 '22 $401 Call
12/14/2022,Sold Short,OPTN,SPY Dec 16 '22 $403 Call,-1,218.48,2.19,0.5,SPY Dec 16 '22 $403 Call
12/8/2022,Bought To Cover,OPTN,SPY Dec 09 '22 $397 Call,1,-149.51,1.49,0.5,SPY Dec 09 '22 $397 Call
12/8/2022,Sold Short,OPTN,SPY Dec 14 '22 $401 Call,-1,363.48,3.64,0.5,SPY Dec 14 '22 $401 Call
12/6/2022,Bought To Cover,OPTN,SPY Dec 09 '22 $406 Call,1,-38.51,0.38,0.5,SPY Dec 09 '22 $406 Call
12/6/2022,Sold Short,OPTN,SPY Dec 09 '22 $397 Call,-1,255.48,2.56,0.5,SPY Dec 09 '22 $397 Call
12/5/2022,Bought To Cover,OPTN,SPY Dec 08 '22 $407 Call,1,-116.51,1.16,0.5,SPY Dec 08 '22 $407 Call
12/5/2022,Sold Short,OPTN,SPY Dec 09 '22 $406 Call,-1,191.48,1.92,0.5,SPY Dec 09 '22 $406 Call
12/5/2022,Bought To Cover,OPTN,SPY Dec 06 '22 $407 Call,1,-43.51,0.43,0.5,SPY Dec 06 '22 $407 Call
12/5/2022,Sold Short,OPTN,SPY Dec 08 '22 $407 Call,-1,111.48,1.12,0.5,SPY Dec 08 '22 $407 Call
12/2/2022,Sold Short,OPTN,SPY Dec 06 '22 $407 Call,-1,120.48,1.21,0.5,SPY Dec 06 '22 $407 Call
12/2/2022,Bought To Cover,OPTN,SPY Dec 02 '22 $405 Call,1,-69.51,0.69,0.5,SPY Dec 02 '22 $405 Call
11/30/2022,Sold Short,OPTN,SPY Dec 02 '22 $405 Call,-1,214.48,2.15,0.5,SPY Dec 02 '22 $405 Call
11/30/2022,Bought To Cover,OPTN,SPY Dec 01 '22 $400 Call,1,-399.51,3.99,0.5,SPY Dec 01 '22 $400 Call
11/29/2022,Journal,UNKNOWN, ,0,0.04,0,0,TRANSFER BAL TO MARGIN
11/29/2022,Journal,UNKNOWN, ,0,-0.04,0,0,TRANSFER BAL FROM CASH
11/28/2022,Sold Short,OPTN,SPY Dec 01 '22 $400 Call,-1,243.48,2.44,0.5,SPY Dec 01 '22 $400 Call
11/28/2022,Bought To Cover,OPTN,SPY Nov 28 '22 $400 Call,1,-31.51,0.31,0.5,SPY Nov 28 '22 $400 Call
11/28/2022,Interest,BOND,00099A109,0,0.04,0,0,INTEREST ON CASH BALANCE      AT  0.009% 10/26 THRU 11/25   APY  0.0099%
11/22/2022,Bought To Cover,OPTN,SPY Nov 25 '22 $397 Call,1,-313.51,3.13,0.5,SPY Nov 25 '22 $397 Call
11/22/2022,Sold Short,OPTN,SPY Nov 28 '22 $400 Call,-1,206.48,2.07,0.5,SPY Nov 28 '22 $400 Call
11/21/2022,Bought To Cover,OPTN,SPY Nov 21 '22 $396 Call,1,-26.51,0.26,0.5,SPY Nov 21 '22 $396 Call
11/21/2022,Sold Short,OPTN,SPY Nov 25 '22 $397 Call,-1,162.48,1.63,0.5,SPY Nov 25 '22 $397 Call
11/18/2022,Sold Short,OPTN,SPY Nov 21 '22 $396 Call,-1,141.48,1.42,0.5,SPY Nov 21 '22 $396 Call
11/18/2022,Bought To Cover,OPTN,SPY Nov 18 '22 $396 Call,1,-29.51,0.29,0.5,SPY Nov 18 '22 $396 Call
11/17/2022,Bought To Cover,OPTN,SPY Nov 17 '22 $398 Call,1,-9.01,0.09,0,SPY Nov 17 '22 $398 Call
11/17/2022,Sold Short,OPTN,SPY Nov 18 '22 $396 Call,-1,148.48,1.49,0.5,SPY Nov 18 '22 $396 Call
11/16/2022,Bought To Cover,OPTN,SPY Nov 16 '22 $395 Call,1,-204.51,2.04,0.5,SPY Nov 16 '22 $395 Call
11/16/2022,Sold Short,OPTN,SPY Nov 17 '22 $398 Call,-1,159.48,1.6,0.5,SPY Nov 17 '22 $398 Call
11/14/2022,Bought To Cover,OPTN,SPY Nov 16 '22 $403 Call,1,-48.51,0.48,0.5,SPY Nov 16 '22 $403 Call
11/14/2022,Sold Short,OPTN,SPY Nov 16 '22 $395 Call,-1,306.48,3.07,0.5,SPY Nov 16 '22 $395 Call
11/11/2022,Bought To Cover,OPTN,AMZN Nov 11 '22 $98 Call,2,-379.02,1.89,1,AMZN Nov 11 '22 $98 Call
11/11/2022,Sold Short,OPTN,AMZN Nov 25 '22 $100 Call,-2,648.96,3.25,1,AMZN Nov 25 '22 $100 Call
11/11/2022,Bought To Cover,OPTN,SPY Nov 14 '22 $380 Call,1,-1684.51,16.84,0.5,SPY Nov 14 '22 $380 Call
11/11/2022,Sold Short,OPTN,SPY Nov 16 '22 $399 Call,-1,297.48,2.98,0.5,SPY Nov 16 '22 $399 Call
11/11/2022,Sold To Close,OPTN,AMZN Jan 19 '24 $100 Call,-2,4128.88,20.65,1,AMZN Jan 19 '24 $100 Call
11/11/2022,Bought To Cover,OPTN,AMZN Nov 25 '22 $105 Call,2,-353.02,1.76,1,AMZN Nov 25 '22 $105 Call
11/11/2022,Sold Short,OPTN,SPY Nov 16 '22 $403 Call,-1,200.48,2.01,0.5,SPY Nov 16 '22 $403 Call
11/11/2022,Bought To Cover,OPTN,SPY Nov 16 '22 $399 Call,1,-378.51,3.78,0.5,SPY Nov 16 '22 $399 Call
11/11/2022,Bought To Cover,OPTN,AMZN Nov 25 '22 $100 Call,2,-787.02,3.93,1,AMZN Nov 25 '22 $100 Call
11/11/2022,Sold Short,OPTN,AMZN Nov 25 '22 $105 Call,-2,348.97,1.75,1,AMZN Nov 25 '22 $105 Call
11/10/2022,Sold Short,OPTN,AMZN Nov 11 '22 $98 Call,-2,128.97,0.65,1,AMZN Nov 11 '22 $98 Call
11/10/2022,Sold To Close,OPTN,AMZN Jan 19 '24 $100 Call,-1,1729.45,17.3,0.5,AMZN Jan 19 '24 $100 Call
11/10/2022,Bought To Cover,OPTN,AMZN Nov 18 '22 $90.50 Call,3,-1876.53,6.25,1.5,AMZN Nov 18 '22 $90.50 Call
11/9/2022,Bought To Cover,OPTN,AMZN Nov 18 '22 $95 Call,3,-133.53,0.44,1.5,AMZN Nov 18 '22 $95 Call
11/9/2022,Sold Short,OPTN,AMZN Nov 18 '22 $90.50 Call,-3,364.45,1.22,1.5,AMZN Nov 18 '22 $90.50 Call
11/9/2022,Bought To Cover,OPTN,SPY Nov 11 '22 $390 Call,1,-32.51,0.32,0.5,SPY Nov 11 '22 $390 Call
11/9/2022,Sold Short,OPTN,SPY Nov 14 '22 $380 Call,-1,255.48,2.56,0.5,SPY Nov 14 '22 $380 Call
11/8/2022,Bought To Cover,OPTN,SPY Nov 11 '22 $383 Call,1,-578.51,5.78,0.5,SPY Nov 11 '22 $383 Call
11/8/2022,Sold Short,OPTN,SPY Nov 11 '22 $390 Call,-1,259.48,2.6,0.5,SPY Nov 11 '22 $390 Call
11/8/2022,Bought To Open,OPTN,SPY Jan 19 '24 $350 Call,1,-6962.51,69.62,0.5,SPY Jan 19 '24 $350 Call
11/8/2022,Sold To Close,OPTN,SPY Dec 15 '23 $340 Call,-1,7461.31,74.62,0.5,SPY Dec 15 '23 $340 Call
11/7/2022,Sold Short,OPTN,SPY Nov 11 '22 $383 Call,-1,396,3.96,0.5,SPY Nov 11 '22 $383 Call
10/18/2022,Bought To Open,OPTN,SPY Dec 15 '23 $340 Call,1,6686,66.86,0.5,SPY Dec 15 '23 $340 Call
